date,nation,visitor,growth,share,male,female,crewman
2019-1,China,392814,28.737869805032012,35.55511706611948,147511,231722,13581
2019-1,Japan,206526,23.606830138314482,18.693468428308034,75070,129029,2427
2019-1,Taiwan,87954,16.003692957003434,7.961057310669865,30805,56202,947
2019-1,Hong Kong,35896,3.5332121946295203,3.249086036153052,12172,22729,995
2019-1,Macao,2570,-12.376406409819296,0.23262065725744768,748,1787,35
2019-1,Phillipines,30473,0.062389177119581696,2.758229295177511,10460,7295,12718
2019-1,Indonesia,18842,10.614065985675714,1.7054624218073269,7295,8289,3258
2019-1,Thailand,41334,-8.026078636434441,3.7413004852448806,12205,23730,5399
2019-1,Vietnam,20183,23.936137549892543,1.8268415274035281,7457,7559,5167
2019-1,India,8671,16.844091092844636,0.7848458050892331,5123,907,2641
2019-1,Malaysia,22065,-0.2170668837335521,1.9971886390605382,8240,11276,2549
2019-1,Singapore,9855,1.9764072847682224,0.8920142324016137,4175,4450,1230
2019-1,Mongolia,9785,-9.339386639488556,0.8856782611922669,4624,5114,47
2019-1,Uzbekistan,5754,5.947339348186342,0.520816833408309,3863,1426,465
2019-1,Myanmar,5289,-11.673346693386776,0.47872788180336223,2290,250,2749
2019-1,*GCC,1776,-1.6066481994459814,0.16075264096857086,1132,612,32
2019-1,Kazakhstan,3574,-9.335362760020294,0.323496587174365,1521,1748,305
2019-1,Turkey,1785,-7.704239917269906,0.16156726583834402,681,234,870
2019-1,Cambodia,2695,10.859728506787336,0.24393489155985276,1666,730,299
2019-1,Sri Lanka,1287,-14.200000000000001,0.11649135637756232,1036,90,161
2019-1,Bangladesh,1247,1.2997562956945652,0.11287080140079271,897,57,293
2019-1,Pakistan,1032,-10.726643598615915,0.09341031840065604,857,142,33
2019-1,Israel,805,-0.49443757725586845,0.0728636689074885,591,199,15
2019-1,Iran,184,-66.7870036101083,0.016654552893140225,122,47,15
2019-1,Asia others,4554,16.679477325134506,0.4122001841052205,2990,1028,536
2019-1,USA,62737,4.744970364805079,5.678568939439882,32907,24623,5207
2019-1,Canada,12460,0.3462994282032783,1.1278028752637348,5783,5418,1259
2019-1,Brazil,1605,14.072494669509595,0.14527476844288076,727,592,286
2019-1,Mexico,1853,32.07412687099074,0.16772220929885237,784,611,458
2019-1,America others,2266,10.861056751467713,0.20510443943399867,933,936,397
2019-1,Russia,25194,14.862770128567515,2.2804065521183414,10572,9487,5135
2019-1,UK,10148,7.968932865198419,0.9185347976064511,5903,3490,755
2019-1,Germany,6850,-6.522925764192145,0.6200200397717964,4487,1454,909
2019-1,France,5574,-5.381089797996941,0.5045243360128457,3390,1591,593
2019-1,Italy,2731,-1.0865628395508864,0.2471933910389454,1750,502,479
2019-1,Netherland,2269,-2.576212966938596,0.20537598105725635,1335,489,445
2019-1,Ukraine,2262,38.858195211786374,0.2047423839363217,594,244,1424
2019-1,Spain,1368,-16.176470588235293,0.12382298020552081,841,373,154
2019-1,Romania,872,19.12568306010929,0.07892809849357758,315,129,428
2019-1,Norway,801,-19.335347432024175,0.07250161340981152,511,177,113
2019-1,Sweden,982,4.24628450106157,0.08888462467969403,664,280,38
2019-1,Poland,1324,-11.968085106382976,0.11984036973107423,559,242,523
2019-1,Swiss,747,-29.3282876064333,0.06761386419117255,493,207,47
2019-1,Portugal,564,-4.729729729729726,0.05104982517245155,256,211,97
2019-1,Austria,776,-2.3899371069182385,0.07023876654933052,480,169,127
2019-1,Finland,859,-13.841524573721165,0.07775141812612746,314,155,390
2019-1,Belgium,709,-6.092715231788082,0.06417433696324142,460,145,104
2019-1,Croatia,491,-0.40567951318458695,0.044442312339847016,224,29,238
2019-1,Greece,775,8.848314606741582,0.07014825267491127,475,44,256
2019-1,Bulgaria,431,17.759562841530062,0.03901147987469259,140,39,252
2019-1,Denmark,751,7.439198855507878,0.0679759196888495,478,153,120
2019-1,Ireland,595,0.5067567567567544,0.053855755279448005,379,163,53
2019-1,Europe others,2965,23.23358270989193,0.26837363765304767,1282,827,856
2019-1,Austrailia,14285,22.219370294318953,1.2929906960788484,7126,6863,296
2019-1,New Zealand,2725,2.4821361414065546,0.24665030779242994,1376,1188,161
2019-1,Oceania others,614,11.231884057971019,0.055575518893413584,356,216,42
2019-1,South Africa,1000,10.741971207087486,0.09051387441924036,390,453,157
2019-1,Africa others,2690,19.82182628062361,0.24348232218775653,1596,413,681
2019-1,Stateless,54,-18.181818181818176,0.004887749218638979,32,9,13
2019-1,Overseas Korean,15526,-19.118566367993328,1.4053184142331259,6475,9051,0
2019-2,China,453379,31.284440596396035,37.72493305885662,191410,251668,10301
2019-2,Japan,213200,26.722974780225982,17.74002705936585,70961,139997,2242
2019-2,Taiwan,94559,7.360688496298651,7.868101401062738,34304,59456,799
2019-2,Hong Kong,51312,1.4271595176912344,4.269588501267264,20802,29584,926
2019-2,Macao,3966,-17.95614398014067,0.33000444332760304,1478,2451,37
2019-2,Phillipines,29294,8.444082478806504,2.4375063446391336,9935,7822,11537
2019-2,Indonesia,18115,22.90521745030192,1.5073198413715403,7122,7306,3687
2019-2,Thailand,39220,-9.689601178962882,3.2634327451610163,12303,22029,4888
2019-2,Vietnam,42181,72.11114738044719,3.5098127644986445,20381,17114,4686
2019-2,India,8309,17.143662766107436,0.6913784466992067,5147,987,2175
2019-2,Malaysia,27484,21.99387456167605,2.2868991730750987,11044,14156,2284
2019-2,Singapore,9792,7.6872319366545705,0.8147764773232197,4192,4527,1073
2019-2,Mongolia,9176,3.0895405010672894,0.7635201139622001,4669,4465,42
2019-2,Uzbekistan,7149,28.00358102059086,0.5948567234868971,5008,1698,443
2019-2,Myanmar,5367,1.1687087653157402,0.4465793866210907,2586,395,2386
2019-2,*GCC,1478,16.103692065985854,0.12298198871361506,994,452,32
2019-2,Kazakhstan,3774,-19.479411137187963,0.3140284339683242,1646,1848,280
2019-2,Turkey,1765,-6.909282700421937,0.1468627943704537,604,299,862
2019-2,Cambodia,3715,43.88071262587141,0.3091191394256292,2261,1182,272
2019-2,Sri Lanka,1516,31.483087597571547,0.126143907232639,1240,121,155
2019-2,Bangladesh,1656,33.33333333333333,0.1377930807237798,1198,163,295
2019-2,Pakistan,1439,10.60722521137587,0.11973686181251154,1217,197,25
2019-2,Israel,761,6.732117812061711,0.06332157876255823,542,213,6
2019-2,Iran,329,-39.853747714808044,0.02737555770418089,191,90,48
2019-2,Asia others,5150,12.988152698552003,0.4285231677098224,3443,1229,478
2019-2,USA,57732,-12.592166421898899,4.803786314218149,29846,23407,4479
2019-2,Canada,13551,-17.562963864217064,1.12755678556035,6405,6008,1138
2019-2,Brazil,1354,-12.757731958762886,0.11266414933574749,647,463,244
2019-2,Mexico,1435,2.4268379728765277,0.11940402828419323,590,473,372
2019-2,America others,2308,-2.120441051738764,0.1920449458396641,964,1003,341
2019-2,Russia,20001,-4.2510412178658585,1.6642508499736228,8297,7364,4340
2019-2,UK,7876,-23.785562221792144,0.6553492172587497,4640,2596,640
2019-2,Germany,6866,-28.30740315338832,0.5713087513583769,4394,1708,764
2019-2,France,5830,-19.88456781640786,0.4851048675239349,3329,1940,561
2019-2,Italy,2384,-25.5,0.19836878287771198,1487,487,410
2019-2,Netherland,2357,-39.78027593254983,0.19612215656156337,1297,584,476
2019-2,Ukraine,2080,4.8387096774193505,0.1730734347255205,650,264,1166
2019-2,Spain,1373,-9.193121693121697,0.11424510859525945,792,447,134
2019-2,Romania,771,20.28081123244929,0.064153662583354,265,116,390
2019-2,Norway,577,-67.29024943310658,0.04801123645991603,407,154,16
2019-2,Sweden,927,-51.23619147816938,0.07713417018776804,580,302,45
2019-2,Poland,1266,-24.777183600713016,0.1053418117127447,486,262,518
2019-2,Swiss,877,-63.443101292205085,0.07297375108378917,538,285,54
2019-2,Portugal,670,-14.540816326530614,0.05574961599331671,269,318,83
2019-2,Austria,746,-56.526806526806524,0.06207345303136457,446,206,94
2019-2,Finland,933,-51.75801447776629,0.0776334204802455,351,215,367
2019-2,Belgium,654,-19.65601965601965,0.054418281880043474,400,156,98
2019-2,Croatia,447,-6.680584551148227,0.037194146789570996,193,26,228
2019-2,Greece,607,-19.281914893617024,0.05050748792230335,390,52,165
2019-2,Bulgaria,326,-12.834224598930478,0.02712593255794216,126,47,153
2019-2,Denmark,694,-13.466334164588535,0.05774661716322656,423,172,99
2019-2,Ireland,613,-9.453471196454943,0.05100673821478081,384,180,49
2019-2,Europe others,2674,-44.256827183656455,0.22249921368078934,1177,784,713
2019-2,Austrailia,8331,-4.9948682860075255,0.6932090311049575,4504,3512,315
2019-2,New Zealand,1863,-7.451564828614011,0.15501721581425226,994,734,135
2019-2,Oceania others,428,11.168831168831161,0.03561318753005903,229,112,87
2019-2,South Africa,1191,8.767123287671241,0.09910118305677641,471,594,126
2019-2,Africa others,3476,15.750915750915762,0.28923233610861027,2195,657,624
2019-2,Stateless,39,-26.415094339622648,0.00324512690110351,24,9,6
2019-2,Overseas Korean,14459,-14.2763976996502,1.2031099964886063,6163,8296,0
2019-3,China,487623,20.874389273523654,31.753710665448498,189613,285340,12670
2019-3,Japan,375119,27.385253806761845,24.427519192311223,106174,266368,2577
2019-3,Taiwan,98510,4.704306789677304,6.4149107766724125,29719,67812,979
2019-3,Hong Kong,46068,-26.10202117420597,2.9999199031544483,14116,31027,925
2019-3,Macao,3049,-31.23590437528191,0.19854900982716664,819,2205,25
2019-3,Phillipines,38701,-6.013065546300123,2.520185381869851,11556,11860,15285
2019-3,Indonesia,25626,26.848826848826857,1.6687494017156352,9800,11420,4406
2019-3,Thailand,53100,-4.727729433928407,3.4578394299188417,16052,31433,5615
2019-3,Vietnam,46991,24.790206076056933,3.0600250970116063,20744,21018,5229
2019-3,India,10646,13.702873010787142,0.6932609900360827,6103,1363,3180
2019-3,Malaysia,40789,7.779098956268982,2.656154661148016,14376,23942,2471
2019-3,Singapore,22105,-0.34712830222702884,1.4394640414003013,8476,12376,1253
2019-3,Mongolia,8724,-18.192048012003003,0.5681015289380786,4335,4344,45
2019-3,Uzbekistan,8405,11.857865318072935,0.5473284446039146,6112,1814,479
2019-3,Myanmar,7021,15.24950755088641,0.45720321351149124,3306,636,3079
2019-3,*GCC,3021,1.3758389261744997,0.19672566700159738,1658,1326,37
2019-3,Kazakhstan,4915,-10.228310502283101,0.3200617852740321,2078,2532,305
2019-3,Turkey,2532,2.759740259740262,0.16488228694076285,1092,456,984
2019-3,Cambodia,2501,8.36221837088389,0.16286358595531117,1727,691,83
2019-3,Sri Lanka,1494,0.2012072434607548,0.09728836362144537,1179,94,221
2019-3,Bangladesh,1704,14.20911528150135,0.1109634348132148,1353,120,231
2019-3,Pakistan,1282,-11.768754301445284,0.083483053656421,1085,143,54
2019-3,Israel,1613,6.609385327164574,0.10503757063011472,1037,566,10
2019-3,Iran,382,-50.13054830287207,0.024875605691694867,228,131,23
2019-3,Asia others,6719,8.039877793857531,0.4375371587499943,4533,1741,445
2019-3,USA,84275,5.239825672148757,5.487936308030327,43129,35984,5162
2019-3,Canada,18670,-0.8655020442839723,1.21577894833493,8627,8840,1203
2019-3,Brazil,1673,4.693366708385471,0.10894473382776312,754,629,290
2019-3,Mexico,2201,-3.633975481611207,0.14332776996706914,1014,724,463
2019-3,America others,3208,13.196894848271,0.20890299230093493,1458,1102,648
2019-3,Russia,27992,8.778611121905723,1.8228218704762378,12054,11568,4370
2019-3,UK,12813,4.536183405401006,0.8343747008578176,7278,4663,872
2019-3,Germany,11142,-0.8630661090844427,0.7255602058033095,6960,3347,835
2019-3,France,7469,5.16755843424388,0.4863766987205994,4327,2542,600
2019-3,Italy,3583,1.0719322990127012,0.23332276228623747,2364,775,444
2019-3,Netherland,2898,8.783783783783793,0.18871598244641813,1688,737,473
2019-3,Ukraine,2368,4.7324192835028756,0.1542027075338572,688,316,1364
2019-3,Spain,2007,-11.507936507936511,0.13069460896133928,1247,610,150
2019-3,Romania,1044,7.628865979381438,0.06798463963908231,355,164,525
2019-3,Norway,858,-39.0625,0.05587243372637224,546,272,40
2019-3,Sweden,1458,-14.033018867924529,0.09494406570285634,868,540,50
2019-3,Poland,1960,12.064036592338478,0.12763399778984802,839,499,622
2019-3,Swiss,1224,-18.345563709139423,0.07970612923202754,760,415,49
2019-3,Portugal,824,-16.08961303462322,0.05365837458103814,394,333,97
2019-3,Austria,911,-15.097856477166827,0.059323761217628335,597,205,109
2019-3,Finland,1082,-9.304274937133272,0.07045917633092631,444,252,386
2019-3,Belgium,1400,31.455399061032875,0.09116714127846287,902,393,105
2019-3,Croatia,489,-25.570776255707763,0.03184338006083453,192,51,246
2019-3,Greece,803,-10.678531701890993,0.05229086746186121,449,95,259
2019-3,Bulgaria,455,-7.8947368421052655,0.029629320915500433,158,71,226
2019-3,Denmark,1001,-13.781223083548666,0.06518450601410096,609,269,123
2019-3,Ireland,724,-3.4666666666666623,0.0471464359182908,457,209,58
2019-3,Europe others,3300,2.2621629996901094,0.21489397587066247,1469,863,968
2019-3,Austrailia,12263,14.682502571775924,0.7985590382127072,6337,5602,324
2019-3,New Zealand,2451,3.8559322033898225,0.1596076166239375,1304,1005,142
2019-3,Oceania others,430,13.756613756613767,0.028001336249813595,228,119,83
2019-3,South Africa,945,19.017632241813608,0.061537820362962445,387,385,173
2019-3,Africa others,3798,16.289038579301906,0.24732343041114427,2136,642,1020
2019-3,Stateless,57,3.6363636363636376,0.003711805037765988,32,11,14
2019-3,Overseas Korean,19225,-18.86816340310601,1.2519202079131775,7845,11380,0
2019-4,China,493250,34.5457223598215,30.16697796908504,180816,298870,13564
2019-4,Japan,290092,35.65018961623172,17.741913782073627,106567,180586,2939
2019-4,Taiwan,113072,7.506393983475479,6.915439499078325,35445,76609,1018
2019-4,Hong Kong,76104,14.385342611936935,4.654491011372018,25868,49445,791
2019-4,Macao,4310,4.5355323793354385,0.26359792204106747,1226,3084,0
2019-4,Phillipines,66525,35.6186165983732,4.068643100645478,19859,26419,20247
2019-4,Indonesia,31427,12.589116182423954,1.922063084915227,10870,13853,6704
2019-4,Thailand,69726,7.734857849196541,4.264415014439784,20811,43277,5638
2019-4,Vietnam,63169,24.527372010960626,3.863391447195404,26558,31306,5305
2019-4,India,12933,21.53932901043134,0.7909772449552495,6192,1777,4964
2019-4,Malaysia,43726,4.770576254941905,2.6742651366978456,14850,26443,2433
2019-4,Singapore,23307,10.302886890676755,1.4254470461742828,8532,13509,1266
2019-4,Mongolia,7582,-0.32864466938345993,0.4637121681938221,3670,3872,40
2019-4,Uzbekistan,7378,3.2899342013159805,0.4512356076146162,5078,1742,558
2019-4,Myanmar,7272,-1.1956521739130421,0.4447526888822837,3026,1204,3042
2019-4,*GCC,3265,32.3469801378192,0.199686128877978,1812,1423,30
2019-4,Kazakhstan,4618,-3.731498853450077,0.2824350821312412,2026,2280,312
2019-4,Turkey,2826,-15.109642535295887,0.1728370597884122,1190,709,927
2019-4,Cambodia,5325,34.810126582278485,0.32567492688368543,3666,1659,0
2019-4,Sri Lanka,1478,5.5714285714285605,0.09039390458856095,1118,126,234
2019-4,Bangladesh,1318,7.76778413736714,0.08060836687937979,948,103,267
2019-4,Pakistan,1218,7.597173144876335,0.07449240581114157,1010,117,91
2019-4,Israel,2221,17.950079660116835,0.13583549532557096,1172,1039,10
2019-4,Iran,298,-54.50381679389314,0.01822556398334991,207,74,17
2019-4,Asia others,6762,11.620997028722346,0.41356128743426873,4302,1845,615
2019-4,USA,102524,14.925624096223466,6.270327925600556,50350,46617,5557
2019-4,Canada,21361,15.035812375464474,1.306430443786367,9754,10266,1341
2019-4,Brazil,2212,22.684414864115364,0.1352850588294295,975,893,344
2019-4,Mexico,3298,39.9830220713073,0.2017043960304966,1358,1419,521
2019-4,America others,4422,25.34013605442176,0.2704477984374942,1934,1568,920
2019-4,Russia,34205,9.235780666176986,2.0919644833908846,13954,13781,6470
2019-4,UK,16707,25.024320886028594,1.02179361567056,8976,6664,1067
2019-4,Germany,12873,17.8414500183083,0.7873076683143067,7417,4181,1275
2019-4,France,11616,14.17338313347749,0.7104300376865521,6212,4671,733
2019-4,Italy,4381,5.642633228840133,0.2679402543995166,2395,1040,946
2019-4,Netherland,4089,23.83403997577227,0.250081648080261,2322,1317,450
2019-4,Ukraine,2574,13.84343210968597,0.1574248378964519,755,341,1478
2019-4,Spain,2678,32.4431256181998,0.16378543740741963,1532,945,201
2019-4,Romania,1323,15.54585152838428,0.0809141649327917,440,310,573
2019-4,Norway,1489,48.011928429423456,0.09106666030606715,871,587,31
2019-4,Sweden,2188,17.63440860215053,0.13381722817305233,1228,883,77
2019-4,Poland,2301,9.467174119885824,0.14072826418016152,926,758,617
2019-4,Swiss,2236,27.77142857142858,0.1367528894858067,1281,891,64
2019-4,Portugal,1192,13.092979127134718,0.07290225593339963,475,606,111
2019-4,Austria,1140,6.343283582089554,0.06972195617791575,636,350,154
2019-4,Finland,1275,8.326253186066278,0.07797850362003736,497,404,374
2019-4,Belgium,1490,13.914373088685018,0.09112781991674954,841,558,91
2019-4,Croatia,578,9.469696969696972,0.035350254974416934,218,55,305
2019-4,Greece,798,-6.884480746791133,0.04880536932454103,428,101,269
2019-4,Bulgaria,742,26.405451448040896,0.04538043112632762,218,124,400
2019-4,Denmark,1387,18.648417450812673,0.08482838001646417,766,508,113
2019-4,Ireland,986,36.3762102351314,0.06030337613282889,578,329,79
2019-4,Europe others,4333,24.583093732029894,0.2650045930867622,1857,1344,1132
2019-4,Austrailia,19938,28.632258064516126,1.2194003177853372,9697,9901,340
2019-4,New Zealand,3802,22.605611093195744,0.23252883981441727,1956,1686,160
2019-4,Oceania others,471,1.2903225806451646,0.028806176631402038,226,146,99
2019-4,South Africa,1159,17.66497461928933,0.07088398878088101,477,425,257
2019-4,Africa others,3858,3.487124463519309,0.2359537780126307,2153,783,922
2019-4,Stateless,64,-1.538461538461533,0.0039142150836724635,36,19,9
2019-4,Overseas Korean,20174,-15.466163838256863,1.2338339859063792,8255,11919,0
2019-5,China,500413,35.16565736233937,33.6823308321285,187922,297661,14830
2019-5,Japan,286273,25.983804955331614,19.268767786420263,104270,179372,2631
2019-5,Taiwan,101779,15.259784381228481,6.850649263234981,32707,68065,1007
2019-5,Hong Kong,57026,-0.5129099790649017,3.8383667051674517,17219,38862,945
2019-5,Macao,2909,-7.208931419457731,0.1958020682729302,758,2150,1
2019-5,Phillipines,50569,18.36758578718225,3.4037520764846363,14645,16538,19386
2019-5,Indonesia,18936,-0.6349372933830089,1.274564443044416,6964,6090,5882
2019-5,Thailand,52660,1.5308680060154956,3.5444953300971136,14714,32463,5483
2019-5,Vietnam,44416,31.892148711248367,2.9895994033724533,19493,19561,5362
2019-5,India,13858,19.208602150537637,0.9327690141375959,6498,1725,5635
2019-5,Malaysia,31217,22.795216741405078,2.1011870626593545,11284,17612,2321
2019-5,Singapore,20114,1.750303520841756,1.3538545208806179,7546,11277,1291
2019-5,Mongolia,8014,2.8358783523675157,0.5394148419179314,3899,4073,42
2019-5,Uzbekistan,6839,-0.7546074590044971,0.4603266912748606,4721,1617,501
2019-5,Myanmar,6556,1.1260219034397556,0.4412782260561465,2971,629,2956
2019-5,*GCC,930,-27.795031055900623,0.06259742987068583,655,252,23
2019-5,Kazakhstan,4585,-1.1427339370418288,0.30861206016891884,1998,2297,290
2019-5,Turkey,2492,-2.3128185025480197,0.16773418842768717,1038,457,997
2019-5,Cambodia,4236,-3.5079726651480625,0.28512119670131736,2953,1277,6
2019-5,Sri Lanka,1538,-9.101654846335695,0.1035213410119514,1249,67,222
2019-5,Bangladesh,1225,4.880136986301364,0.08245360386192488,865,116,244
2019-5,Pakistan,854,-25.284339457567807,0.057481940978027626,686,112,56
2019-5,Israel,1409,9.735202492211847,0.09483847170730787,908,491,10
2019-5,Iran,271,-62.413314840499304,0.018240756446189096,190,68,13
2019-5,Asia others,4786,-23.777671603758566,0.32214118210871223,3086,1151,549
2019-5,USA,95815,13.255162468528736,6.449218003290066,47995,41970,5850
2019-5,Canada,19439,4.224974532196657,1.308420902426088,9036,9127,1276
2019-5,Brazil,2054,20.894643908181276,0.13825281823052546,947,713,394
2019-5,Mexico,2565,24.213075060532695,0.17264775012721414,1144,913,508
2019-5,America others,3646,12.600370599135257,0.24540884871883925,1649,1343,654
2019-5,Russia,32955,23.487091093041546,2.218170216546722,14269,12920,5766
2019-5,UK,11522,6.655558641118198,0.7755350397527334,6615,3949,958
2019-5,Germany,10103,4.165377874007636,0.6800234774016547,6418,2642,1043
2019-5,France,10395,10.702875399361012,0.6996777241997625,5653,3820,922
2019-5,Italy,4856,8.41705737887921,0.3268528166151079,2681,947,1228
2019-5,Netherland,3348,8.560311284046684,0.225350747534469,1991,946,411
2019-5,Ukraine,2397,6.438721136767311,0.16133982731186441,686,301,1410
2019-5,Spain,2403,6.46876384581303,0.16174368169812692,1479,737,187
2019-5,Romania,1122,3.0303030303030276,0.07552077023108549,366,196,560
2019-5,Norway,820,-4.982618771726532,0.05519343278920685,555,233,32
2019-5,Sweden,1655,4.879594423320666,0.11139650154406995,1042,544,69
2019-5,Poland,2259,20.802139037433154,0.15205117642782717,985,597,677
2019-5,Swiss,1585,9.159779614325059,0.10668486703767421,1012,515,58
2019-5,Portugal,916,12.53071253071254,0.06165510296940669,433,350,133
2019-5,Austria,992,3.6572622779519337,0.06677059186206488,614,257,121
2019-5,Finland,1329,9.653465346534663,0.08945374655714136,562,389,378
2019-5,Belgium,1245,22.418879056047203,0.08379978514946651,783,329,133
2019-5,Croatia,569,17.319587628865985,0.038298857630559395,221,49,299
2019-5,Greece,749,-2.7272727272727226,0.05041448921843407,459,81,209
2019-5,Bulgaria,639,0.9478672985782088,0.0430104921369551,204,148,287
2019-5,Denmark,1181,16.12586037364798,0.07949200502933329,745,328,108
2019-5,Ireland,752,0.9395973154362469,0.050616416411565314,450,239,63
2019-5,Europe others,3962,19.301415236374588,0.266678513061997,1708,1018,1236
2019-5,Austrailia,13558,8.707504810776134,0.9125762948244714,7049,6195,314
2019-5,New Zealand,3172,4.51400329489291,0.21350435220410263,1685,1344,143
2019-5,Oceania others,638,19.69981238273921,0.042943183072578016,312,215,111
2019-5,South Africa,1064,-2.1159153633854677,0.07161684449721475,393,302,369
2019-5,Africa others,3214,-24.30522845030617,0.21633133290794004,1670,504,1040
2019-5,Stateless,72,1.4084507042253502,0.004846252635149871,34,19,19
2019-5,Overseas Korean,18788,-18.95086493248781,1.264602701516608,7694,11094,0
2019-6,China,475007,25.037708184716134,32.177293597558084,169793,292378,12836
2019-6,Japan,282476,20.05287025113369,19.135114190451546,98280,181523,2673
2019-6,Taiwan,118437,15.140526720006232,8.02300202273648,37622,79905,910
2019-6,Hong Kong,61728,-6.6650538284746546,4.181496228876765,18462,42499,767
2019-6,Macao,3622,-5.701640197865143,0.2453567156070445,982,2640,0
2019-6,Phillipines,40748,8.50508600947968,2.760296920915475,12415,12639,15694
2019-6,Indonesia,27880,22.1039723207638,1.8886099478532303,12320,11266,4294
2019-6,Thailand,37684,-8.132618235007316,2.552739500534474,10342,21860,5482
2019-6,Vietnam,58339,20.797183973496214,3.9519230899501294,23902,29152,5285
2019-6,India,13249,28.05915329595978,0.8974961692649731,7088,1959,4202
2019-6,Malaysia,25538,-7.5614435154016,1.729961292979763,9790,13595,2153
2019-6,Singapore,24743,7.033784660639353,1.6761074583835178,10238,13238,1267
2019-6,Mongolia,9244,1.326318097117185,0.6261947761103035,4093,5114,37
2019-6,Uzbekistan,7295,8.074074074074078,0.49416820550894247,4938,1875,482
2019-6,Myanmar,6303,6.559594251901935,0.42696945844042006,2716,539,3048
2019-6,*GCC,4736,82.504816955684,0.320819824714236,2831,1749,156
2019-6,Kazakhstan,4829,6.108547571962197,0.32711970725191,2018,2497,314
2019-6,Turkey,2835,13.4453781512605,0.19204480639038407,1111,743,981
2019-6,Cambodia,3733,35.9927140255009,0.2528759302487844,2504,1228,1
2019-6,Sri Lanka,1819,-5.751295336787566,0.1232202831831071,1437,108,274
2019-6,Bangladesh,1260,0.3984063745019917,0.08535324728461514,928,118,214
2019-6,Pakistan,979,-11.881188118811881,0.06631811832669701,814,142,23
2019-6,Israel,940,4.910714285714279,0.06367623210122082,714,216,10
2019-6,Iran,384,-34.24657534246576,0.026012418220073184,276,84,24
2019-6,Asia others,6396,10.65743944636679,0.43326934097809405,4356,1641,399
2019-6,USA,105398,11.247387642228368,7.139731394685608,52374,47515,5509
2019-6,Canada,16133,11.101163831692041,1.0928602686053144,7417,7400,1316
2019-6,Brazil,1924,19.133126934984524,0.13033305379015836,881,749,294
2019-6,Mexico,2361,16.133792424987693,0.15993572764998124,960,945,456
2019-6,America others,3370,20.14260249554367,0.22828606615012148,1576,1336,458
2019-6,Russia,28666,6.978653530377676,1.9418541163974425,11588,12522,4556
2019-6,UK,11155,5.375023616096741,0.7556472011586365,6305,4053,797
2019-6,Germany,8947,6.208452041785373,0.6060757963932156,5571,2462,914
2019-6,France,8559,10.925349922239501,0.57979241548335,4650,3110,799
2019-6,Italy,4136,4.470825966153069,0.2801754212453716,2295,1001,840
2019-6,Netherland,2900,11.796453353893611,0.19644795009951102,1637,832,431
2019-6,Ukraine,1941,0.6742738589211594,0.1314846452217762,597,256,1088
2019-6,Spain,2590,21.36832239925024,0.17544834164059778,1479,961,150
2019-6,Romania,984,0.10172939979653517,0.06665682168893755,328,229,427
2019-6,Norway,1156,5.186533212010924,0.07830821735001199,649,480,27
2019-6,Sweden,2079,2.4137931034482696,0.14083285801961498,1103,914,62
2019-6,Poland,2201,29.546792230723963,0.14909722005828407,926,643,632
2019-6,Swiss,1239,2.1434460016487966,0.0839306931632049,771,426,42
2019-6,Portugal,868,4.704463208685161,0.0587989036849571,390,381,97
2019-6,Austria,889,8.150851581508523,0.060221457806367354,542,247,100
2019-6,Finland,1338,12.248322147651013,0.09063701973556751,537,469,332
2019-6,Belgium,1181,29.212253829321668,0.08000173416121467,711,346,124
2019-6,Croatia,403,-7.78032036613272,0.02729949099658723,181,36,186
2019-6,Greece,765,-3.164556962025311,0.05182161442280205,439,107,219
2019-6,Bulgaria,448,-13.846153846153841,0.030347821256752054,157,69,222
2019-6,Denmark,939,7.191780821917804,0.06360849142877271,587,265,87
2019-6,Ireland,820,7.8947368421052655,0.05554735140744795,488,275,57
2019-6,Europe others,3519,21.094287680660706,0.23837942634488946,1461,1051,1007
2019-6,Austrailia,13201,11.485516425977526,0.8942446169874638,6796,6132,273
2019-6,New Zealand,3547,23.84776536312849,0.24027616517343647,1873,1528,146
2019-6,Oceania others,604,15.930902111324375,0.040915366158656784,290,233,81
2019-6,South Africa,973,13.40326340326341,0.06591167429200837,428,411,134
2019-6,Africa others,3625,14.245193822880564,0.24555993762438882,2074,886,665
2019-6,Stateless,44,-42.10526315789473,0.002980589587716719,25,12,7
2019-6,Overseas Korean,17111,-19.6176069901818,1.1591106462595633,6912,10199,0
2019-7,China,519132,26.513572990005784,35.84999865337723,186367,319475,13290
2019-7,Japan,274830,19.225897133337956,18.979094199370607,95905,176508,2417
2019-7,Taiwan,113587,16.265763183753677,7.844043127838699,39999,72875,713
2019-7,Hong Kong,59036,1.1357990851935007,4.076883182891399,20878,37396,762
2019-7,Macao,5246,-5.528543129839725,0.3622760549062992,1705,3541,0
2019-7,Phillipines,29074,-0.5575127407052682,2.0077800267529056,8468,7083,13523
2019-7,Indonesia,18260,1.1018216045623141,1.2609913767802179,8062,6266,3932
2019-7,Thailand,37278,11.477272727272725,2.574328397788224,10535,21228,5515
2019-7,Vietnam,52521,13.41179011012741,3.6269730613293443,21621,25633,5267
2019-7,India,10432,5.065968375465801,0.720408655124383,5899,1305,3228
2019-7,Malaysia,16831,7.244806932585712,1.1623080976225548,6528,8095,2208
2019-7,Singapore,10992,-4.591615311170905,0.75908089888106,4442,5241,1309
2019-7,Mongolia,8766,-3.3517089305402425,0.605358729948269,3857,4870,39
2019-7,Uzbekistan,7405,5.831070458768051,0.5113713661039165,4949,1904,552
2019-7,Myanmar,5421,-14.075130765572997,0.3743611310802608,2307,452,2662
2019-7,*GCC,4638,15.921019745063724,0.3202890473990499,2379,2216,43
2019-7,Kazakhstan,4953,11.453645364536458,0.3420421845121807,2001,2610,342
2019-7,Turkey,2962,10.398807305255309,0.2045485464415666,1125,709,1128
2019-7,Cambodia,2565,2.3135221380135684,0.17713268792120807,1652,910,3
2019-7,Sri Lanka,1355,-11.147540983606552,0.09357301837553096,1073,126,156
2019-7,Bangladesh,1196,-12.252384446074839,0.08259286345176017,867,142,187
2019-7,Pakistan,1087,-9.79253112033195,0.07506558743483555,882,171,34
2019-7,Israel,1320,11.298482293423273,0.09115600314073866,880,439,1
2019-7,Iran,318,-54.82954545454546,0.021960309847541586,215,87,16
2019-7,Asia others,5878,2.0663309602361624,0.40592044428883467,3925,1482,471
2019-7,USA,97428,7.9295446992356355,6.728141722724155,47919,43696,5813
2019-7,Canada,16103,7.339021463804829,1.1120341807388747,7271,7510,1322
2019-7,Brazil,1979,22.842954686530103,0.13666494713297106,905,807,267
2019-7,Mexico,3253,11.595197255574607,0.22464430167941124,1311,1500,442
2019-7,America others,3494,17.921025987175156,0.24128717801040972,1579,1522,393
2019-7,Russia,28421,0.5697098372257514,1.962685428229495,10755,12968,4698
2019-7,UK,10826,1.3385753065618289,0.7476173409103307,6129,4007,690
2019-7,Germany,9675,6.30699923085376,0.6681320684747322,5781,2962,932
2019-7,France,10716,11.799687010954617,0.7400210073152692,5347,4536,833
2019-7,Italy,4388,14.899188269180419,0.3030246528648191,2514,1056,818
2019-7,Netherland,4141,16.026898290837764,0.28596743106499906,2197,1516,428
2019-7,Ukraine,2230,5.437352245862881,0.15399839924533879,758,361,1111
2019-7,Spain,3066,15.306506205340353,0.2117305345678066,1657,1231,178
2019-7,Romania,945,4.419889502762442,0.06525941133939245,337,201,407
2019-7,Norway,1494,15.545243619489568,0.1031720217365633,774,693,27
2019-7,Sweden,1727,9.790209790209792,0.1192624374424664,986,668,73
2019-7,Poland,1954,3.167898627243937,0.134938507679548,763,653,538
2019-7,Swiss,2029,22.598187311178243,0.1401178260398172,1089,889,51
2019-7,Portugal,957,-1.3402061855670055,0.06608810227703553,453,434,70
2019-7,Austria,1174,8.50277264325323,0.08107359673274787,654,411,109
2019-7,Finland,1013,6.295907660020994,0.06995532665270322,368,288,357
2019-7,Belgium,1549,20.921155347384857,0.10697018853409407,828,618,103
2019-7,Croatia,455,4.118993135011451,0.03142119805230007,256,48,151
2019-7,Greece,799,13.817663817663828,0.05517700493140166,464,140,195
2019-7,Bulgaria,543,6.0546875,0.03749826492834931,217,121,205
2019-7,Denmark,1507,24.648469809760144,0.1040697702523433,802,617,88
2019-7,Ireland,806,8.187919463087256,0.055660407978360124,466,283,57
2019-7,Europe others,4106,24.348879466989693,0.28355041583020674,1769,1363,974
2019-7,Austrailia,11840,3.037159516143073,0.817641725141171,6091,5451,298
2019-7,New Zealand,2799,4.831460674157295,0.1932921612052481,1400,1256,143
2019-7,Oceania others,566,-1.3937282229965153,0.03908658922549855,290,207,69
2019-7,South Africa,933,-1.5822784810126556,0.06443072040174937,457,362,114
2019-7,Africa others,4423,7.694180667153638,0.3054416680996114,2567,1055,801
2019-7,Stateless,58,-3.3333333333333326,0.004005339531941547,27,18,13
2019-7,Overseas Korean,15587,-20.07486411650087,1.0764004704202224,6241,9346,0
2019-8,China,578112,20.90852051700338,36.44407517120038,216737,345329,16046
2019-8,Japan,329652,4.643123561622087,20.781202030638614,113714,212982,2956
2019-8,Taiwan,109273,8.710964314494074,6.888550014845878,37471,70789,1013
2019-8,Hong Kong,65958,4.039623326024899,4.157980305100111,23780,41328,850
2019-8,Macao,6321,-1.5420560747663514,0.3984746885675399,2174,4146,1
2019-8,Phillipines,41817,37.289471092288,2.6361360626212336,9660,7105,25052
2019-8,Indonesia,18210,15.282349962015696,1.1479550828689926,6701,4940,6569
2019-8,Thailand,32830,15.128348997054285,2.069597219691874,9448,17456,5926
2019-8,Vietnam,43583,17.521909127679656,2.747464380926925,18868,19648,5067
2019-8,India,17001,60.235626767200756,1.0717399431002603,6465,1671,8865
2019-8,Malaysia,20520,6.774898532625673,1.2935770620797216,7695,10396,2429
2019-8,Singapore,13008,9.837034535168442,0.8200219504645719,5147,6564,1297
2019-8,Mongolia,9626,-7.6022269149548904,0.6068212865292104,4368,5206,52
2019-8,Uzbekistan,7983,5.094786729857814,0.5032468658178566,5356,2108,519
2019-8,Myanmar,5523,5.159939070830166,0.3481689139311063,2348,565,2610
2019-8,*GCC,5285,23.85751113194281,0.3331654372851524,2627,2611,47
2019-8,Kazakhstan,4948,7.917121046892039,0.31192101867302446,1969,2627,352
2019-8,Turkey,3015,-5.692837034720055,0.19006505078802924,1087,888,1040
2019-8,Cambodia,2619,21.193891716797776,0.16510128292333287,1739,880,0
2019-8,Sri Lanka,1916,18.052988293284034,0.12078429098171278,1320,182,414
2019-8,Bangladesh,1868,20.516129032258057,0.11775837972538596,1438,221,209
2019-8,Pakistan,1191,1.7948717948717885,0.07508042304760956,979,173,39
2019-8,Israel,1110,-7.883817427385898,0.06997419780255802,708,399,3
2019-8,Iran,526,-12.91390728476821,0.033158944183914886,321,192,13
2019-8,Asia others,6449,25.17468944099379,0.40654378525107815,4003,1933,513
2019-8,USA,86586,11.985411089124277,5.458365667506567,43314,37094,6178
2019-8,Canada,16700,13.71374097780198,1.0527649579303775,7645,7403,1652
2019-8,Brazil,2188,23.5460191981931,0.1379311214342315,1006,792,390
2019-8,Mexico,2809,36.094961240310084,0.17707884831295992,1133,1025,651
2019-8,America others,4200,34.87475915221581,0.264767234928598,1691,1524,985
2019-8,Russia,28700,24.777183600713016,1.809242772012086,10968,13609,4123
2019-8,UK,13116,17.822493711821785,0.8268302507913072,7029,4825,1262
2019-8,Germany,11159,11.478521478521486,0.7034613272781487,6301,3791,1067
2019-8,France,12984,21.096810296586455,0.8185089948364085,6419,5697,868
2019-8,Italy,5915,38.29787234042554,0.3728805225244421,2650,1706,1559
2019-8,Netherland,3961,16.912632821723726,0.24970071846480393,2171,1279,511
2019-8,Ukraine,2904,32.66331658291457,0.18306763100777343,748,359,1797
2019-8,Spain,4554,34.534711964549494,0.28708333044400836,2431,1939,184
2019-8,Romania,1432,54.64362850971922,0.09027301914708388,415,287,730
2019-8,Norway,803,-18.311291963377418,0.050620973725634316,479,290,34
2019-8,Sweden,1490,9.478324761205004,0.09392932858181213,846,590,54
2019-8,Poland,2326,18.79468845760981,0.14663061629617116,903,824,599
2019-8,Swiss,1664,18.265813788201847,0.10489825688599691,970,657,37
2019-8,Portugal,1342,29.78723404255319,0.08459943554147105,570,570,202
2019-8,Austria,1218,13.407821229050288,0.0767824981292934,654,441,123
2019-8,Finland,1075,5.0830889540566915,0.06776780417815305,445,284,346
2019-8,Belgium,1305,27.069133398247324,0.08226696228138579,723,486,96
2019-8,Croatia,614,49.029126213592235,0.03870644815384741,197,53,364
2019-8,Greece,778,13.411078717201175,0.04904497827963076,427,159,192
2019-8,Bulgaria,751,25.16666666666667,0.04734290319794692,186,174,391
2019-8,Denmark,1045,4.291417165668654,0.06587660964294878,569,397,79
2019-8,Ireland,932,15.920398009950244,0.05875311022701269,548,271,113
2019-8,Europe others,4668,22.616233254531124,0.29426986967778457,1776,1474,1418
2019-8,Austrailia,13647,17.88027986525007,0.8603043940644228,6992,6299,356
2019-8,New Zealand,3112,13.867544822539335,0.19617991311852304,1628,1333,151
2019-8,Oceania others,609,-0.16393442622950616,0.0383912490646467,304,239,66
2019-8,South Africa,1887,27.586206896551737,0.11895613626434864,659,751,477
2019-8,Africa others,4864,16.979316979316984,0.3066256739744525,2702,1286,876
2019-8,Stateless,57,-24,0.003593269616888115,29,21,7
2019-8,Overseas Korean,16560,-17.72246236398867,1.0439393834327575,6938,9622,0
2019-9,China,541350,24.56424947364788,37.08730228326519,198669,330432,12249
2019-9,Japan,251119,1.3201692979943225,17.203890758421117,89993,158395,2731
2019-9,Taiwan,102758,17.63803505397763,7.039839305484001,33054,68711,993
2019-9,Hong Kong,45911,-7.52885254486495,3.1453128939262736,14579,30584,748
2019-9,Macao,2727,-10.148270181219111,0.18682381698801917,768,1959,0
2019-9,Phillipines,36252,8.451251981930774,2.4835852634578917,11026,10400,14826
2019-9,Indonesia,19309,5.883965781969724,1.3228386806826777,8226,6912,4171
2019-9,Thailand,36052,5.114000816374142,2.469883480033761,10197,20468,5387
2019-9,Vietnam,43617,16.37096128705211,2.988153438051497,18567,20344,4706
2019-9,India,12716,11.612393575002189,0.8711593901062162,6847,1600,4269
2019-9,Malaysia,28020,-2.072484535001573,1.9196198577206807,10219,15736,2065
2019-9,Singapore,17745,15.632738172813765,1.2156907343059773,7025,9452,1268
2019-9,Mongolia,10900,-1.8018018018018056,0.7467471966151114,5208,5658,34
2019-9,Uzbekistan,9056,13.7831385852494,0.6204167534446283,6445,2073,538
2019-9,Myanmar,6534,18.605917589399155,0.44763726446634294,3063,617,2854
2019-9,*GCC,2462,25.35641547861507,0.16866895395104628,1579,834,49
2019-9,Kazakhstan,4909,13.450427547954714,0.33631027414528275,2121,2493,295
2019-9,Turkey,2802,19.437340153452688,0.1919619857720681,1198,555,1049
2019-9,Cambodia,3629,82.45349421820009,0.24861886023084764,2371,1256,2
2019-9,Sri Lanka,2103,22.26744186046512,0.14407425270473206,1760,156,187
2019-9,Bangladesh,1880,18.686868686868685,0.12879676418682656,1576,138,166
2019-9,Pakistan,1459,9.781790820165547,0.09995451007903189,1282,140,37
2019-9,Israel,1837,-6.035805626598467,0.12585088075063852,1051,771,15
2019-9,Iran,446,-21.478873239436624,0.030554977035810983,268,168,10
2019-9,Asia others,7350,34.24657534246576,0.5035405408367953,4834,2008,508
2019-9,USA,90819,15.21452312688707,6.2219113439805325,45746,39440,5633
2019-9,Canada,18213,16.250718069828295,1.2477529075184426,8549,8197,1467
2019-9,Brazil,2498,46.25292740046838,0.17113527496738976,1199,992,307
2019-9,Mexico,3038,52.8938097634625,0.20813009021254208,1362,1221,455
2019-9,America others,4588,27.197116717493763,0.3143189117495533,2152,1928,508
2019-9,Russia,30266,29.408243543697623,2.073490885573666,11907,12896,5463
2019-9,UK,13325,23.91890635171581,0.9128813206326936,7924,4649,752
2019-9,Germany,12670,17.750929368029734,0.8680079799186662,7501,4210,959
2019-9,France,10242,28.92749244712991,0.7016683291497221,5629,3797,816
2019-9,Italy,4513,0.6916555109326206,0.3091807429655044,2690,1128,695
2019-9,Netherland,3485,10.42458808618505,0.23875357616547369,2053,956,476
2019-9,Ukraine,2214,4.286387187941587,0.15167874250512448,667,384,1163
2019-9,Spain,3134,22.85378283026265,0.2147069462561247,1747,1205,182
2019-9,Romania,1179,12.60744985673352,0.0807720132852492,408,309,462
2019-9,Norway,1054,0.09496676163343043,0.07220839864516765,677,359,18
2019-9,Sweden,2010,31.9763624425476,0.13770292341251136,1179,761,70
2019-9,Poland,2570,18.542435424354252,0.17606791700007673,1060,917,593
2019-9,Swiss,1923,15.356928614277155,0.1317426476230146,1156,729,38
2019-9,Portugal,1000,12.485939257592804,0.06850891712065242,465,420,115
2019-9,Austria,1369,23.667570009033433,0.09378870753817317,785,463,121
2019-9,Finland,1264,6.576728499156825,0.08659527124050466,591,322,351
2019-9,Belgium,1542,34.554973821989535,0.10564075020004604,889,537,116
2019-9,Croatia,494,-6.792452830188678,0.0338434050576023,220,73,201
2019-9,Greece,1023,29.003783102143753,0.07008462221442743,578,199,246
2019-9,Bulgaria,633,8.205128205128197,0.04336614453737298,277,136,220
2019-9,Denmark,1244,19.04306220095693,0.08522509289809162,764,408,72
2019-9,Ireland,1176,48.67256637168143,0.08056648653388725,739,377,60
2019-9,Europe others,4421,25.418439716312058,0.30287792259040436,2011,1305,1105
2019-9,Austrailia,17269,12.795558458523848,1.1830804897565468,8830,8103,336
2019-9,New Zealand,4035,22.98079853703139,0.27643348058183254,2083,1824,128
2019-9,Oceania others,526,-6.071428571428572,0.03603569040546318,246,186,94
2019-9,South Africa,1197,14.326647564469909,0.08200517379342095,505,507,185
2019-9,Africa others,5119,38.313969197514176,0.35069714674061975,3065,1030,1024
2019-9,Stateless,49,-20.967741935483875,0.0033569369389119686,31,14,4
2019-9,Overseas Korean,16619,-14.948822927328553,1.1385496936281225,6868,9751,0
2019-10,China,567695,19.437542472549318,34.27706278548118,204531,348980,14184
2019-10,Japan,248541,-14.434292245617419,15.006747393875722,86539,159473,2529
2019-10,Taiwan,127944,27.979834353619015,7.725177288906197,38540,88437,967
2019-10,Hong Kong,65544,6.622419598848284,3.9575050039397532,20105,44602,837
2019-10,Macao,4504,23.127392017495897,0.2719486533892446,1170,3333,1
2019-10,Phillipines,55394,6.49415564441711,3.344654463997295,16190,22844,16360
2019-10,Indonesia,28494,14.291444386506758,1.7204495847409271,8973,13273,6248
2019-10,Thailand,65878,9.904739660666317,3.9776717113624906,18890,41170,5818
2019-10,Vietnam,64820,17.04586493318887,3.9137903447359763,24190,35277,5353
2019-10,India,13160,3.760939840731692,0.7945924242012564,6346,1634,5180
2019-10,Malaysia,45354,11.276313852495212,2.738445654044361,15410,27690,2254
2019-10,Singapore,24719,13.457566438701974,1.4925174873731657,9256,14165,1298
2019-10,Mongolia,11221,4.585702302171679,0.6775168382950075,5038,6129,54
2019-10,Uzbekistan,8375,-1.0398203946591078,0.5056771696569546,5870,1902,603
2019-10,Myanmar,5876,-3.4029261877363104,0.3547891401676735,2237,736,2903
2019-10,*GCC,2429,1.546822742474907,0.14666147404140212,1469,902,58
2019-10,Kazakhstan,4776,0.1677852348993314,0.2883718402724317,2016,2460,300
2019-10,Turkey,2893,11.56961048978018,0.17467749872448593,1222,568,1103
2019-10,Cambodia,3339,5.1984877126654006,0.20160669486382946,2257,1079,3
2019-10,Sri Lanka,1449,-16.819747416762343,0.0874896977710958,1080,126,243
2019-10,Bangladesh,1715,10.147719974309567,0.10355060847303608,1121,144,450
2019-10,Pakistan,1010,-17.213114754098356,0.060983157176540195,834,109,67
2019-10,Israel,2820,58.96279594137541,0.17026980518598353,1534,1244,42
2019-10,Iran,501,4.158004158004158,0.030250061134105583,340,136,25
2019-10,Asia others,6841,7.276148659244153,0.4130552259848629,4551,1804,486
2019-10,USA,101099,3.0539331111179013,6.104293274644592,50361,44870,5868
2019-10,Canada,20624,2.164759498687263,1.2452639936722427,9371,9495,1758
2019-10,Brazil,2452,24.277749619868217,0.1480501994028481,1097,929,426
2019-10,Mexico,2878,7.428144830160499,0.173771808271369,1330,1083,465
2019-10,America others,4669,15.028332101502828,0.28191124837353093,1986,1632,1051
2019-10,Russia,33379,18.56285298192022,2.015402775639342,13768,14581,5030
2019-10,UK,15911,15.18859045826395,0.9606960533029021,9456,5634,821
2019-10,Germany,13322,5.437277404036411,0.8043738810949194,8039,4216,1067
2019-10,France,12546,16.027004531582346,0.7575194949870033,6885,4763,898
2019-10,Italy,4951,0.3445480340494633,0.29893822889212923,2907,1121,923
2019-10,Netherland,4043,8.77051385525962,0.2441137667967842,2383,1155,505
2019-10,Ukraine,2371,-10.359168241965977,0.14315947095601664,793,392,1186
2019-10,Spain,3140,6.875425459496265,0.1895912015191448,1823,1141,176
2019-10,Romania,1295,-0.4611837048424272,0.07819127578576193,445,245,605
2019-10,Norway,1218,-7.51708428246014,0.07354206479309502,825,364,29
2019-10,Sweden,2303,0.6996064713598704,0.1390536742352199,1336,902,65
2019-10,Poland,2326,8.742402992052355,0.14044239959666585,989,643,694
2019-10,Swiss,2137,7.874810701665824,0.1290306998873925,1285,803,49
2019-10,Portugal,1113,3.824626865671643,0.06720223162127649,476,551,86
2019-10,Austria,1461,13.255813953488381,0.08821425013358934,889,446,126
2019-10,Finland,1473,10.668670172802397,0.0889388024960829,624,485,364
2019-10,Belgium,1505,7.576840600428869,0.09087094212939902,892,492,121
2019-10,Croatia,498,-28.34532374100719,0.030068923043482198,233,57,208
2019-10,Greece,1014,12.416851441241693,0.06122467463070472,591,146,277
2019-10,Bulgaria,655,12.157534246575352,0.03954848311943944,244,163,248
2019-10,Denmark,1802,21.510451786918416,0.1088036131011143,1089,628,85
2019-10,Ireland,1394,50.21551724137932,0.0841688327763337,901,427,66
2019-10,Europe others,4868,21.154803384768538,0.29392674171821553,2193,1504,1171
2019-10,Austrailia,16251,9.015898571141069,0.981225036906886,8068,7411,772
2019-10,New Zealand,3728,15.310856789359729,0.22509426728132856,1955,1626,147
2019-10,Oceania others,396,-22.047244094488192,0.02391022796228705,160,108,128
2019-10,South Africa,1175,12.332695984703633,0.07094575216082648,569,397,209
2019-10,Africa others,4927,10.619667714414005,0.2974891241671421,2878,798,1251
2019-10,Stateless,40,-36.50793650793651,0.0024151745416451566,21,10,9
2019-10,Overseas Korean,17939,-26.833346928787016,1.0831454025643115,7381,10558,0
2019-11,China,505369,25.012121032217216,34.699185473510894,183200,310161,12008
2019-11,Japan,258522,-13.81968010987472,17.750401839018586,88718,167326,2478
2019-11,Taiwan,102241,15.965519196960255,7.019978316828353,30560,70670,1011
2019-11,Hong Kong,58600,8.942182561814471,4.023539767472359,17997,39860,743
2019-11,Macao,4896,21.12815437902029,0.3361646877396701,1330,3566,0
2019-11,Phillipines,41739,-6.005945142548308,2.8658451596335968,12686,15764,13289
2019-11,Indonesia,23760,-1.7207147584381244,1.6313874552072227,8548,11035,4177
2019-11,Thailand,49998,6.4217449607288035,3.432917086929744,14185,30178,5635
2019-11,Vietnam,43190,6.455349880456485,2.9654723985858564,16549,21552,5089
2019-11,India,12184,18.903093588367327,0.8365666984109765,7083,1465,3636
2019-11,Malaysia,49282,7.814482607744466,3.3837557477913442,18196,28885,2201
2019-11,Singapore,27546,6.023632654632238,1.891338335064737,11214,15007,1325
2019-11,Mongolia,10519,11.14750633981403,0.722245986587743,4820,5672,27
2019-11,Uzbekistan,7176,0.4760571268552116,0.49271196879490864,5018,1576,582
2019-11,Myanmar,5660,6.671692423671316,0.3886217591108114,2211,646,2803
2019-11,*GCC,2575,29.657603222557903,0.17680230206896455,1712,825,38
2019-11,Kazakhstan,3697,4.49406444318825,0.2538400430093056,1552,1871,274
2019-11,Turkey,2881,33.50324374420759,0.19781259505269397,1278,544,1059
2019-11,Cambodia,3555,44.2775974025974,0.24409016848744428,2036,1519,0
2019-11,Sri Lanka,1070,2.392344497607657,0.07346736435487072,764,107,199
2019-11,Bangladesh,1286,1.2598425196850505,0.0882981594022091,898,114,274
2019-11,Pakistan,1011,-0.3940886699507429,0.0694163601521255,819,117,75
2019-11,Israel,1427,16.1106590724166,0.09797937283588833,966,441,20
2019-11,Iran,402,75.54585152838429,0.02760175744921311,272,107,23
2019-11,Asia others,6576,11.608961303462317,0.45151531588563537,4412,1720,444
2019-11,USA,82238,5.60121218347116,5.646550569921362,43218,33919,5101
2019-11,Canada,16862,10.897731009536326,1.157763268926944,8158,7626,1078
2019-11,Brazil,1916,20.200752823086574,0.13155464495694605,957,659,300
2019-11,Mexico,2408,12.20876048462256,0.16533590034255016,1068,904,436
2019-11,America others,3282,11.708645336963919,0.22534569141372496,1637,1188,457
2019-11,Russia,26708,14.234388366124895,1.8338003431681187,11294,10636,4778
2019-11,UK,11542,14.651832720770841,0.7924862797980541,7034,3748,760
2019-11,Germany,9819,3.8168746035102563,0.6741832248602575,6689,2246,884
2019-11,France,8111,5.777256129368813,0.5569100862451929,4828,2653,630
2019-11,Italy,4422,1.8894009216589902,0.30361933194134416,2872,994,556
2019-11,Netherland,3188,2.6070164145477914,0.21889154912460548,1872,815,501
2019-11,Ukraine,2146,-9.604043807919126,0.14734669523883417,678,311,1157
2019-11,Spain,2610,5.241935483870974,0.17920544015533885,1605,857,148
2019-11,Romania,1040,12.920738327904457,0.07140753170940706,457,193,390
2019-11,Norway,837,-23.281393217231894,0.057469330808436254,576,233,28
2019-11,Sweden,1600,3.4928848641655907,0.10985774109139547,995,553,52
2019-11,Poland,2019,5.541035023523255,0.13862673703970463,935,489,595
2019-11,Swiss,1172,-1.6778523489932917,0.08047079534944718,787,342,43
2019-11,Portugal,976,16.7464114832536,0.06701322206575122,477,419,80
2019-11,Austria,1113,8.69140625,0.07641979114670197,734,252,127
2019-11,Finland,1206,10.23765996343693,0.08280527234763933,573,293,340
2019-11,Belgium,1205,19.66236345580934,0.08273661125945721,776,323,106
2019-11,Croatia,543,14.556962025316466,0.037282970882892334,249,61,233
2019-11,Greece,891,15.116279069767447,0.06117702957027085,528,109,254
2019-11,Bulgaria,471,1.0729613733905685,0.03233937253377954,201,96,174
2019-11,Denmark,1120,23.212321232123223,0.07690041876397682,727,320,73
2019-11,Ireland,768,10.662824207492804,0.052731715723869824,494,218,56
2019-11,Europe others,4053,25.0925925925926,0.2782833904021411,1953,1158,942
2019-11,Austrailia,13346,13.961233028776366,0.9163508828786023,6666,6141,539
2019-11,New Zealand,3365,18.48591549295775,0.2310445617328411,1744,1457,164
2019-11,Oceania others,285,-53.95799676898223,0.019568410131904815,147,92,46
2019-11,South Africa,698,-0.28571428571428914,0.04792543955112127,337,214,147
2019-11,Africa others,4043,28.881096589097854,0.2775967795203199,2456,732,855
2019-11,Stateless,31,-56.94444444444444,0.002128493733645787,19,9,3
2019-11,Overseas Korean,15233,-25.532850997262415,1.045914356278267,6299,8934,0
2019-12,China,508877,22.244216018583685,34.92904053022607,179833,315451,13593
2019-12,Japan,255356,-1.2242719160145632,17.527496966136038,89354,163795,2207
2019-12,Taiwan,90379,3.5174325376826854,6.20356540791056,28975,60622,782
2019-12,Hong Kong,71751,20.49675880831625,4.9249496186391815,26567,44454,730
2019-12,Macao,8342,22.26293419317016,0.5725903432521924,2860,5481,1
2019-12,Phillipines,43281,1.4794841735052744,2.9707843018818196,14717,15378,13186
2019-12,Indonesia,29716,13.902410977806735,2.039690079127565,12334,12831,4551
2019-12,Thailand,55850,3.3761522230037366,3.833513626304836,17538,33203,5109
2019-12,Vietnam,30721,2.93861412679266,2.1086727325642056,11675,13905,5141
2019-12,India,10208,20.947867298578203,0.7006715684390289,5616,1226,3366
2019-12,Malaysia,57764,3.7707715799874197,3.964889545387154,23790,32014,1960
2019-12,Singapore,42216,4.327196342518236,2.8976832810758273,18570,22452,1194
2019-12,Mongolia,10042,22.433552792001944,0.689277418717156,4492,5519,31
2019-12,Uzbekistan,5461,-0.9432251042989281,0.3748400700671568,3725,1262,474
2019-12,Myanmar,6900,25.63729060451565,0.47361224747544084,2972,591,3337
2019-12,*GCC,2459,4.150783566285465,0.16878442268726215,1369,1059,31
2019-12,Kazakhstan,3388,9.04409398133248,0.232550477456057,1352,1726,310
2019-12,Turkey,2505,31.289308176100626,0.17194183767043175,1123,326,1056
2019-12,Cambodia,3822,41.870824053452104,0.2623400014277007,2309,1463,50
2019-12,Sri Lanka,1313,21.57407407407408,0.09012360593264547,1063,76,174
2019-12,Bangladesh,1597,31.332236842105267,0.10961721148091,1224,119,254
2019-12,Pakistan,1159,21.61594963273872,0.07955312968464288,974,123,62
2019-12,Israel,839,-4.76730987514189,0.05758850371476736,604,232,3
2019-12,Iran,253,18.224299065420556,0.01736578240743283,155,78,20
2019-12,Asia others,6468,6.627101879327402,0.44396000241610883,4017,2034,417
2019-12,USA,77387,8.960477591766058,5.311801593533614,40446,32327,4614
2019-12,Canada,15292,8.584818575587594,1.049634563535426,7318,6977,997
2019-12,Brazil,1933,36.70438472418671,0.1326800687492793,858,809,266
2019-12,Mexico,2382,28.133405056481987,0.16349918456326087,1007,943,432
2019-12,America others,2490,17.674858223062383,0.17091224582809386,1111,1048,331
2019-12,Russia,26570,15.481571627260093,1.8237503500612267,10830,10272,5468
2019-12,UK,8735,12.17413638114806,0.5995656495214458,5162,2981,592
2019-12,Germany,7304,10.099487488694603,0.5013425877624087,4455,2031,818
2019-12,France,6752,16.13347093223254,0.4634536079643734,3874,2328,550
2019-12,Italy,3084,18.478678447944684,0.2116840827846753,1784,698,602
2019-12,Netherland,2459,6.450216450216439,0.16878442268726215,1365,647,447
2019-12,Ukraine,2180,18.029236599891707,0.14963401441977695,600,290,1290
2019-12,Spain,1733,17.411924119241196,0.11895217751810708,1011,582,140
2019-12,Romania,774,8.70786516853932,0.0531269390646364,241,128,405
2019-12,Norway,663,-11.006711409395976,0.045507959431335836,434,213,16
2019-12,Sweden,1290,6.965174129353224,0.08854489844106067,789,454,47
2019-12,Poland,1407,8.900928792569651,0.09657571481129641,548,322,537
2019-12,Swiss,1014,22.021660649819495,0.06960040854204304,656,316,42
2019-12,Portugal,1003,6.929637526652455,0.06884537452432857,421,510,72
2019-12,Austria,781,25.361155698234338,0.05360741525772743,457,213,111
2019-12,Finland,1065,-1.388888888888884,0.07310102080599194,445,296,324
2019-12,Belgium,754,-1.5665796344647487,0.05175414994151919,474,198,82
2019-12,Croatia,381,-16.447368421052634,0.026151632795383038,159,29,193
2019-12,Greece,754,15.46707503828484,0.05175414994151919,434,81,239
2019-12,Bulgaria,442,23.463687150838,0.03033863962089056,130,57,255
2019-12,Denmark,782,16.369047619047628,0.05367605471388329,478,241,63
2019-12,Ireland,645,25.486381322957197,0.044272449220530335,421,187,37
2019-12,Europe others,2941,17.4520766773163,0.20186864055438714,1168,822,951
2019-12,Austrailia,19289,12.315127518341672,1.3239864697904025,9626,9348,315
2019-12,New Zealand,4355,27.48829039812646,0.2989248315587746,2203,1894,258
2019-12,Oceania others,252,-35.051546391752574,0.01729714295127697,89,79,84
2019-12,South Africa,922,8.08909730363423,0.06328557857570383,422,396,104
2019-12,Africa others,3078,13.747228381374722,0.21127224604774011,1814,548,716
2019-12,Stateless,47,-38.961038961038966,0.0032260544393254665,18,19,10
2019-12,Overseas Korean,5281,-71.96623845418834,0.3624849679591019,2145,3136,0
2020-1,China,481681,22.62317534507425,37.84693739648057,179530,289862,12289
2020-1,Japan,203969,-1.2381007718156534,16.026378399444337,71921,129621,2427
2020-1,Taiwan,110354,25.46785819860382,8.670802729298472,41404,68152,798
2020-1,Hong Kong,66962,86.54446177847115,5.261379672320753,26637,39589,736
2020-1,Macao,5347,108.05447470817123,0.420127790506542,2038,3309,0
2020-1,Phillipines,30702,0.751484921077683,2.4123365296674493,10881,8348,11473
2020-1,Indonesia,19443,3.189682623925272,1.5276874192666345,7728,8646,3069
2020-1,Thailand,38466,-6.93859776455219,3.0223743388114164,11949,21142,5375
2020-1,Vietnam,30232,49.789426745280686,2.375407399026328,11277,13072,5883
2020-1,India,9249,6.66589782032061,0.7267181474462328,4807,928,3514
2020-1,Malaysia,27549,24.853840924541124,2.1645970638983965,11058,14158,2333
2020-1,Singapore,10738,8.959918822932522,0.8437127762220399,4454,4993,1291
2020-1,Mongolia,12323,25.937659683188553,0.9682503763628422,5890,6408,25
2020-1,Uzbekistan,6135,6.6214807090719585,0.4820430137942089,4095,1556,484
2020-1,Myanmar,5654,6.901115522783141,0.4442495843508487,2675,300,2679
2020-1,*GCC,2158,21.509009009009006,0.16955971047561577,1154,962,42
2020-1,Kazakhstan,4325,21.012870733072187,0.3398265745166998,1875,2169,281
2020-1,Turkey,2208,23.697478991596643,0.17348834139488398,786,298,1124
2020-1,Cambodia,4257,57.9591836734694,0.33448363646649504,2487,1604,166
2020-1,Sri Lanka,1377,6.9930069930070005,0.1081944955166464,1076,76,225
2020-1,Bangladesh,1299,4.170008019246185,0.102065831282588,966,124,209
2020-1,Pakistan,1014,-1.744186046511631,0.07967263504275922,842,126,46
2020-1,Israel,803,-0.248447204968949,0.06309381256344739,564,223,16
2020-1,Iran,176,-4.347826086956519,0.013828780835824084,106,50,20
2020-1,Asia others,4808,5.5775142731664396,0.3777771491968307,3237,1129,442
2020-1,USA,67255,7.201491942553839,5.284401449507664,33394,27487,6374
2020-1,Canada,13809,10.826645264847512,1.085009287283493,6308,6070,1431
2020-1,Brazil,1801,12.211838006230536,0.14150928571204077,776,716,309
2020-1,Mexico,2113,14.031300593631958,0.1660239426482744,905,706,502
2020-1,America others,2514,10.944395410414831,0.19753156262080543,1062,1136,316
2020-1,Russia,28891,14.674128760816064,2.270041517771555,11816,12155,4920
2020-1,UK,9117,-10.159637366968866,0.7163465618193647,5166,3279,672
2020-1,Germany,6617,-3.401459854014599,0.5199150158559543,3985,1671,961
2020-1,France,5982,7.319698600645852,0.4700214031812482,3284,2061,637
2020-1,Italy,2880,5.455876968143536,0.22628914094984867,1681,714,485
2020-1,Netherland,2556,12.648743940061703,0.2008316125929907,1269,530,757
2020-1,Ukraine,1955,-13.572060123784258,0.15360946894338684,573,219,1163
2020-1,Spain,1560,14.035087719298245,0.12257328468116803,899,504,157
2020-1,Romania,856,-1.834862385321101,0.06725816133787169,313,115,428
2020-1,Norway,543,-32.20973782771536,0.04266493178325272,379,147,17
2020-1,Sweden,847,-13.74745417515275,0.06655100777240341,536,281,30
2020-1,Poland,1558,17.673716012084583,0.1224161394443973,579,248,731
2020-1,Swiss,762,2.008032128514059,0.05987233520964746,467,257,38
2020-1,Portugal,720,27.65957446808511,0.05657228523746217,302,349,69
2020-1,Austria,690,-11.082474226804129,0.05421510668590124,403,151,136
2020-1,Finland,885,3.0267753201397074,0.06953676727104725,339,171,375
2020-1,Belgium,722,1.833568406205921,0.0567294304742329,429,171,122
2020-1,Croatia,467,-4.887983706720977,0.036693412785965045,213,39,215
2020-1,Greece,623,-19.612903225806456,0.048950741254081845,405,47,171
2020-1,Bulgaria,351,-18.561484918793504,0.02757898905326281,111,52,188
2020-1,Denmark,665,-11.451398135818913,0.05225079122626714,430,156,79
2020-1,Ireland,715,20.168067226890752,0.05617942214553534,433,213,69
2020-1,Europe others,3219,8.566610455311974,0.2529252585824871,1272,905,1042
2020-1,Austrailia,14039,-1.7220861043052205,1.103080989512127,6937,6651,451
2020-1,New Zealand,3553,30.38532110091743,0.27916851312319874,1642,1521,390
2020-1,Oceania others,163,-73.45276872964169,0.012807336796814351,60,43,60
2020-1,South Africa,1272,27.200000000000003,0.09994437058618316,505,625,142
2020-1,Africa others,2926,8.773234200743495,0.2299034813955754,1496,510,920
2020-1,Stateless,61,12.962962962962955,0.004792929721507211,35,10,16
2020-1,Overseas Korean,8792,-43.372407574391346,0.6908104608441213,3680,5112,0
2020-2,China,104086,-77.04216560537651,15.19033525390682,52686,48043,3357
2020-2,Japan,211199,-0.9385553470919294,30.822431597812066,67646,141475,2078
2020-2,Taiwan,53042,-43.90592117090917,7.740961921274001,18859,33722,461
2020-2,Hong Kong,20966,-59.14016214530714,3.05978295768317,7812,12946,208
2020-2,Macao,503,-87.31719616742309,0.07340793798123793,184,317,2
2020-2,Phillipines,20332,-30.59329555540383,2.9672568489752074,8351,5958,6023
2020-2,Indonesia,15800,-12.779464532155671,2.3058557059712905,5554,8073,2173
2020-2,Thailand,31777,-18.977562468128507,4.637542833458842,10436,16741,4600
2020-2,Vietnam,30313,-28.135890566842892,4.42388633007011,15353,11134,3826
2020-2,India,5839,-29.72680226260681,0.8521450295674915,3483,586,1770
2020-2,Malaysia,18541,-32.538931742104495,2.7058778888869432,6671,9624,2246
2020-2,Singapore,5909,-39.654820261437905,0.8623608459863517,2297,2549,1063
2020-2,Mongolia,6399,-30.263731473408896,0.9338715609183726,3098,3267,34
2020-2,Uzbekistan,6888,-3.6508602601762474,1.0052363356158385,4845,1566,477
2020-2,Myanmar,4319,-19.526737469722377,0.6303158730436712,2688,272,1359
2020-2,*GCC,789,-46.617050067658994,0.11514684506400939,539,214,36
2020-2,Kazakhstan,3204,-15.103338632750397,0.4675925115146845,1437,1468,299
2020-2,Turkey,1784,1.076487252124636,0.26035737844637863,478,202,1104
2020-2,Cambodia,2568,-30.87483176312248,0.37477452233761227,1714,774,80
2020-2,Sri Lanka,1088,-28.232189973614773,0.15878297519599774,912,55,121
2020-2,Bangladesh,996,-39.85507246376812,0.1453564736169244,851,103,42
2020-2,Pakistan,1037,-27.936066712995135,0.15134002323368534,873,113,51
2020-2,Israel,352,-53.74507227332457,0.051370962563411025,250,102,0
2020-2,Iran,160,-51.367781155015194,0.023350437528823195,79,70,11
2020-2,Asia others,4558,-11.49514563106796,0.6651955891023508,3175,955,428
2020-2,USA,42439,-26.489641793113005,6.1935576142857975,20570,16333,5536
2020-2,Canada,9046,-33.24477898310087,1.3201753617858414,4119,3687,1240
2020-2,Brazil,1188,-12.259970457902513,0.17337699865151224,461,452,275
2020-2,Mexico,1543,7.526132404181185,0.2251857819185887,533,507,503
2020-2,America others,2601,12.694974003466196,0.3795905500779321,1123,1103,375
2020-2,Russia,22157,10.779461026948645,3.2335977770383475,9417,8592,4148
2020-2,UK,5566,-29.32960893854749,0.8123033455339369,3207,1752,607
2020-2,Germany,5599,-18.453247888144475,0.8171193732742567,3085,1516,998
2020-2,France,5120,-12.178387650085764,0.7472140009223422,2654,1956,510
2020-2,Italy,1718,-27.936241610738254,0.2507253229657391,871,351,496
2020-2,Netherland,2067,-12.303775986423416,0.30165846482548464,919,404,744
2020-2,Ukraine,1618,-22.21153846153846,0.23613129951022457,768,192,658
2020-2,Spain,1068,-22.214129643117264,0.15586417050489484,575,359,134
2020-2,Romania,471,-38.91050583657587,0.06873785047547327,191,68,212
2020-2,Norway,441,-23.570190641247834,0.06435964343881893,278,149,14
2020-2,Sweden,650,-29.881337648327943,0.09486115246084423,372,246,32
2020-2,Poland,1206,-4.739336492891,0.17600392287350483,406,247,553
2020-2,Swiss,566,-35.461801596351194,0.08260217275821205,343,178,45
2020-2,Portugal,299,-55.37313432835821,0.04363613013198835,132,110,57
2020-2,Austria,668,-10.45576407506702,0.09748807668283684,377,187,104
2020-2,Finland,780,-16.398713826366563,0.11383338295301308,265,205,310
2020-2,Belgium,547,-16.360856269113157,0.07982930830166429,301,130,116
2020-2,Croatia,286,-36.017897091722595,0.04173890708277146,158,29,99
2020-2,Greece,663,9.225700164744644,0.09675837551006113,432,55,176
2020-2,Bulgaria,218,-33.12883435582822,0.031814971133021605,121,19,78
2020-2,Denmark,640,-7.78097982708934,0.09340175011529278,391,211,38
2020-2,Ireland,465,-24.143556280587276,0.06786220906814242,268,124,73
2020-2,Europe others,2432,-9.050112191473447,0.3549266504381126,952,694,786
2020-2,Austrailia,6857,-17.692954027127595,1.000712188344629,3622,2853,382
2020-2,New Zealand,1912,2.63016639828233,0.2790377284694372,932,663,317
2020-2,Oceania others,123,-71.26168224299066,0.01795064885028283,64,32,27
2020-2,South Africa,1004,-15.701091519731314,0.14652399549336556,374,513,117
2020-2,Africa others,3156,-9.205983889528191,0.46058738025603757,1796,515,845
2020-2,Stateless,40,2.564102564102555,0.005837609382205799,25,9,6
2020-2,Overseas Korean,7609,-47.37533716024621,1.110459244730098,3296,4313,0
2020-3,China,16595,-96.5967561,19.87496557,7734,8300,561
2020-3,Japan,8347,-97.77483945,9.996766351,3079,4943,325
2020-3,Taiwan,585,-99.40615166,0.7006239745,152,325,108
2020-3,Hong Kong,262,-99.43127551,0.3137837288,86,159,17
2020-3,Macao,16,-99.47523778,0.01916236511,5,11,0
2020-3,Phillipines,4539,-88.27162089,5.436123454,2325,372,1842
2020-3,Indonesia,3760,-85.32740186,4.503155802,1924,463,1373
2020-3,Thailand,2371,-95.53483992,2.83962298,656,1059,656
2020-3,Vietnam,4048,-91.38558447,4.848078374,2098,1837,113
2020-3,India,1587,-85.09299267,1.90066709,842,101,644
2020-3,Malaysia,890,-97.81803918,1.06590656,237,220,433
2020-3,Singapore,219,-99.00927392,0.2622848725,95,108,16
2020-3,Mongolia,674,-92.27418615,0.8072146305,236,435,3
2020-3,Uzbekistan,782,-90.69601428,0.936560595,574,190,18
2020-3,Myanmar,2519,-64.12191995,3.016874858,1701,91,727
2020-3,*GCC,77,-97.45117511,0.09221888212,38,14,25
2020-3,Kazakhstan,567,-88.46388606,0.6790663138,213,256,98
2020-3,Turkey,242,-90.44233807,0.2898307724,114,39,89
2020-3,Cambodia,1183,-52.69892043,1.416817371,886,297,0
2020-3,Sri Lanka,441,-70.48192771,0.5281626885,402,16,23
2020-3,Bangladesh,566,-66.78403756,0.6778686659,494,38,34
2020-3,Pakistan,474,-63.02652106,0.5676850665,389,54,31
2020-3,Israel,68,-95.78425294,0.08144005174,36,32,0
2020-3,Iran,34,-91.09947644,0.04072002587,13,18,3
2020-3,Asia others,1561,-76.7673761,1.869528247,1197,287,77
2020-3,USA,10570,-87.45772768,12.65913745,4178,3360,3032
2020-3,Canada,2405,-87.11837172,2.880343006,947,892,566
2020-3,Brazil,291,-82.60609683,0.3485155155,65,96,130
2020-3,Mexico,388,-82.37164925,0.464687354,96,91,201
2020-3,America others,456,-85.78553616,0.5461274058,169,162,125
2020-3,Russia,5300,-81.06601886,6.347533444,1576,1346,2378
2020-3,UK,1173,-90.84523531,1.404840892,514,336,323
2020-3,Germany,1195,-89.27481601,1.431189145,494,409,292
2020-3,France,1217,-83.70598474,1.457537397,537,475,205
2020-3,Italy,248,-93.0784259,0.2970166593,76,61,111
2020-3,Netherland,597,-79.39958592,0.7149957484,149,79,369
2020-3,Ukraine,630,-73.39527027,0.7545181264,281,72,277
2020-3,Spain,255,-87.29446936,0.305400194,101,91,63
2020-3,Romania,173,-83.42911877,0.2071930728,84,19,70
2020-3,Norway,97,-88.69463869,0.1161718385,41,45,11
2020-3,Sweden,188,-87.10562414,0.2251577901,89,88,11
2020-3,Poland,322,-83.57142857,0.3856425979,132,39,151
2020-3,Swiss,105,-91.42156863,0.1257530211,35,52,18
2020-3,Portugal,61,-92.59708738,0.073056517,20,15,26
2020-3,Austria,96,-89.46212953,0.1149741907,26,25,45
2020-3,Finland,144,-86.69131238,0.172461286,20,34,90
2020-3,Belgium,164,-88.28571429,0.1964142424,58,37,69
2020-3,Croatia,84,-82.82208589,0.1006024169,65,4,15
2020-3,Greece,199,-75.21793275,0.2383319161,128,20,51
2020-3,Bulgaria,80,-82.41758242,0.09581182557,38,10,32
2020-3,Denmark,114,-88.61138861,0.1365318514,51,56,7
2020-3,Ireland,106,-85.35911602,0.1269506689,54,22,30
2020-3,Europe others,538,-83.6969697,0.644334527,189,168,181
2020-3,Austrailia,760,-93.80249531,0.910212343,341,302,117
2020-3,New Zealand,275,-88.78008976,0.3293531504,120,81,74
2020-3,Oceania others,50,-88.37209302,0.05988239098,14,6,30
2020-3,South Africa,237,-74.92063492,0.2838425333,72,116,49
2020-3,Africa others,946,-75.09215377,1.132974837,416,113,417
2020-3,Stateless,11,-80.70175439,0.01317412602,7,1,3
2020-3,Overseas Korean,1615,-91.59947984,1.934201229,775,840,0
2020-4,China,3935,-99.2022301064369,13.377528471868095,2238,1621,76
2020-4,Japan,360,-99.87590143816445,1.2238653748087711,165,155,40
2020-4,Taiwan,155,-99.86291920192444,0.5269420363759986,52,53,50
2020-4,Hong Kong,35,-99.95401030169242,0.11898691143974163,18,14,3
2020-4,Macao,1,-99.97679814385151,0.003399626041135475,1,0,0
2020-4,Phillipines,1130,-98.30139045471627,3.8415774264830866,492,36,602
2020-4,Indonesia,1864,-94.06879434880835,6.336902940676525,948,102,814
2020-4,Thailand,299,-99.57117861342971,1.016488186299507,111,136,52
2020-4,Vietnam,6597,-89.55658630024222,22.42733299337073,3138,3394,65
2020-4,India,210,-98.3762468104848,0.7139214686384497,70,15,125
2020-4,Malaysia,152,-99.6523807345744,0.5167431582525922,55,54,43
2020-4,Singapore,48,-99.79405328871155,0.1631820499745028,22,12,14
2020-4,Mongolia,616,-91.87549459245582,2.0941696413394526,257,359,0
2020-4,Uzbekistan,7,-99.90512333965845,0.023797382287948327,3,4,0
2020-4,Myanmar,763,-89.50770077007701,2.5939146693863675,443,27,293
2020-4,*GCC,25,-99.23430321592649,0.08499065102838688,8,8,9
2020-4,Kazakhstan,15,-99.67518406236466,0.05099439061703213,5,8,2
2020-4,Turkey,26,-99.07997169143667,0.08839027706952235,5,3,18
2020-4,Cambodia,547,-89.72769953051643,1.859595444501105,435,112,0
2020-4,Sri Lanka,183,-87.61840324763193,0.6221315655277919,174,3,6
2020-4,Bangladesh,11,-99.16540212443095,0.03739588645249023,2,0,9
2020-4,Pakistan,67,-94.4991789819376,0.22777494475607682,49,4,14
2020-4,Israel,21,-99.05447996398019,0.07139214686384497,4,6,11
2020-4,Iran,13,-95.63758389261746,0.044195138534761175,8,4,1
2020-4,Asia others,36,-99.46761313220941,0.1223865374808771,18,5,13
2020-4,USA,6417,-93.74097772228941,21.815400305966342,1581,1475,3361
2020-4,Canada,422,-98.02443705819016,1.4346421893591705,185,161,76
2020-4,Brazil,52,-97.64918625678119,0.1767805541390447,11,15,26
2020-4,Mexico,55,-98.33232261976956,0.18697943226245112,17,12,26
2020-4,America others,83,-98.12302125734962,0.28216896141424447,10,9,64
2020-4,Russia,1223,-96.42449934220143,4.157742648308687,136,24,1063
2020-4,UK,298,-98.21631651403602,1.0130885602583717,115,70,113
2020-4,Germany,1033,-91.97545249747535,3.511813700492946,43,23,967
2020-4,France,280,-97.58953168044077,0.9518952915179331,100,33,147
2020-4,Italy,55,-98.74457886327322,0.18697943226245112,13,8,34
2020-4,Netherland,385,-90.58449498654927,1.3088560258371578,19,4,362
2020-4,Ukraine,116,-95.4933954933955,0.39435662077171507,61,6,49
2020-4,Spain,31,-98.84241971620612,0.10538840727519973,11,8,12
2020-4,Romania,82,-93.80196523053665,0.27876933537310894,39,1,42
2020-4,Norway,35,-97.64942914707858,0.11898691143974163,21,6,8
2020-4,Sweden,35,-98.40036563071298,0.11898691143974163,7,15,13
2020-4,Poland,83,-96.3928726640591,0.28216896141424447,15,5,63
2020-4,Swiss,33,-98.52415026833631,0.11218765935747067,7,17,9
2020-4,Portugal,26,-97.81879194630872,0.08839027706952235,10,3,13
2020-4,Austria,68,-94.03508771929825,0.23117457079721232,2,0,66
2020-4,Finland,35,-97.25490196078431,0.11898691143974163,5,1,29
2020-4,Belgium,57,-96.1744966442953,0.1937786843447221,10,4,43
2020-4,Croatia,22,-96.19377162629758,0.07479177290498046,13,1,8
2020-4,Greece,76,-90.47619047619048,0.2583715791262961,43,2,31
2020-4,Bulgaria,43,-94.20485175202157,0.14618391976882544,24,0,19
2020-4,Denmark,27,-98.05335255948089,0.09178990311065782,8,4,15
2020-4,Ireland,22,-97.76876267748479,0.07479177290498046,10,1,11
2020-4,Europe others,70,-98.38449111470113,0.23797382287948327,12,9,49
2020-4,Austrailia,124,-99.37807202327214,0.4215536291007989,44,41,39
2020-4,New Zealand,98,-97.42240925828511,0.33316335203127656,42,22,34
2020-4,Oceania others,13,-97.23991507430998,0.044195138534761175,0,0,13
2020-4,South Africa,22,-98.10181190681621,0.07479177290498046,3,2,17
2020-4,Africa others,177,-95.41213063763608,0.6017338092809791,30,6,141
2020-4,Stateless,3,-95.3125,0.010198878123406425,0,0,3
2020-4,Overseas Korean,698,-96.5401011202538,2.3729389767125615,287,411,0
