date,nation,visitor,growth,share,age0-20,age21-30,age31-40,age41-50,age51-60,age61
2019-1,China,392814,28.737869805032012,35.55511706611948,36520,108591,103657,48574,40893,40998
2019-1,Japan,206526,23.606830138314482,18.693468428308034,18015,57921,34165,39811,33857,20330
2019-1,Taiwan,87954,16.003692957003434,7.961057310669865,18888,17927,18595,18862,8169,4566
2019-1,Hong Kong,35896,3.5332121946295203,3.249086036153052,3890,11384,7400,5461,4629,2137
2019-1,Macao,2570,-12.376406409819296,0.23262065725744768,223,1013,762,264,181,92
2019-1,Phillipines,30473,0.062389177119581696,2.758229295177511,1436,5051,5486,3140,1831,811
2019-1,Indonesia,18842,10.614065985675714,1.7054624218073269,2732,4213,3643,2895,1488,613
2019-1,Thailand,41334,-8.026078636434441,3.7413004852448806,3310,10977,10551,5821,3403,1873
2019-1,Vietnam,20183,23.936137549892543,1.8268415274035281,1824,5484,4200,1963,1095,450
2019-1,India,8671,16.844091092844636,0.7848458050892331,258,1421,2310,1322,522,197
2019-1,Malaysia,22065,-0.2170668837335521,1.9971886390605382,2923,6643,4546,2689,1946,769
2019-1,Singapore,9855,1.9764072847682224,0.8920142324016137,670,2276,2044,1771,1342,522
2019-1,Mongolia,9785,-9.339386639488556,0.8856782611922669,1551,1807,2840,2105,970,465
2019-1,Uzbekistan,5754,5.947339348186342,0.520816833408309,233,1614,1896,949,394,203
2019-1,Myanmar,5289,-11.673346693386776,0.47872788180336223,27,1070,994,324,108,17
2019-1,*GCC,1776,-1.6066481994459814,0.16075264096857086,247,477,521,289,140,70
2019-1,Kazakhstan,3574,-9.335362760020294,0.323496587174365,343,928,857,479,402,260
2019-1,Turkey,1785,-7.704239917269906,0.16156726583834402,57,239,300,206,89,24
2019-1,Cambodia,2695,10.859728506787336,0.24393489155985276,124,1392,685,109,58,28
2019-1,Sri Lanka,1287,-14.200000000000001,0.11649135637756232,13,373,550,151,31,8
2019-1,Bangladesh,1247,1.2997562956945652,0.11287080140079271,26,342,403,123,48,12
2019-1,Pakistan,1032,-10.726643598615915,0.09341031840065604,62,328,378,147,67,17
2019-1,Israel,805,-0.49443757725586845,0.0728636689074885,19,80,170,223,120,178
2019-1,Iran,184,-66.7870036101083,0.016654552893140225,9,30,73,39,12,6
2019-1,Asia others,4554,16.679477325134506,0.4122001841052205,247,1605,1349,500,209,108
2019-1,USA,62737,4.744970364805079,5.678568939439882,5601,10672,10618,10137,11530,8972
2019-1,Canada,12460,0.3462994282032783,1.1278028752637348,959,2190,2299,1847,2184,1722
2019-1,Brazil,1605,14.072494669509595,0.14527476844288076,215,389,357,213,92,53
2019-1,Mexico,1853,32.07412687099074,0.16772220929885237,153,388,353,239,174,88
2019-1,America others,2266,10.861056751467713,0.20510443943399867,195,666,491,248,159,110
2019-1,Russia,25194,14.862770128567515,2.2804065521183414,2569,4480,5325,3866,2520,1299
2019-1,UK,10148,7.968932865198419,0.9185347976064511,923,1669,1801,1682,1695,1623
2019-1,Germany,6850,-6.522925764192145,0.6200200397717964,357,1074,1414,1217,1377,502
2019-1,France,5574,-5.381089797996941,0.5045243360128457,437,1316,1151,1135,704,238
2019-1,Italy,2731,-1.0865628395508864,0.2471933910389454,79,369,581,651,417,155
2019-1,Netherland,2269,-2.576212966938596,0.20537598105725635,108,472,319,398,394,133
2019-1,Ukraine,2262,38.858195211786374,0.2047423839363217,36,275,243,132,118,34
2019-1,Spain,1368,-16.176470588235293,0.12382298020552081,61,312,348,281,154,58
2019-1,Romania,872,19.12568306010929,0.07892809849357758,57,92,128,89,65,13
2019-1,Norway,801,-19.335347432024175,0.07250161340981152,41,168,139,139,144,57
2019-1,Sweden,982,4.24628450106157,0.08888462467969403,69,217,187,206,196,69
2019-1,Poland,1324,-11.968085106382976,0.11984036973107423,35,214,284,168,61,39
2019-1,Swiss,747,-29.3282876064333,0.06761386419117255,41,166,120,128,164,81
2019-1,Portugal,564,-4.729729729729726,0.05104982517245155,27,142,119,88,73,18
2019-1,Austria,776,-2.3899371069182385,0.07023876654933052,33,151,144,129,114,78
2019-1,Finland,859,-13.841524573721165,0.07775141812612746,20,127,116,100,82,24
2019-1,Belgium,709,-6.092715231788082,0.06417433696324142,28,134,142,133,129,39
2019-1,Croatia,491,-0.40567951318458695,0.044442312339847016,6,57,74,58,46,12
2019-1,Greece,775,8.848314606741582,0.07014825267491127,7,95,164,130,72,51
2019-1,Bulgaria,431,17.759562841530062,0.03901147987469259,3,38,49,46,28,15
2019-1,Denmark,751,7.439198855507878,0.0679759196888495,56,130,101,168,124,52
2019-1,Ireland,595,0.5067567567567544,0.053855755279448005,23,140,151,105,77,46
2019-1,Europe others,2965,23.23358270989193,0.26837363765304767,187,533,556,428,261,144
2019-1,Austrailia,14285,22.219370294318953,1.2929906960788484,3194,3154,2068,2471,1937,1165
2019-1,New Zealand,2725,2.4821361414065546,0.24665030779242994,438,611,484,350,442,239
2019-1,Oceania others,614,11.231884057971019,0.055575518893413584,68,124,199,106,48,27
2019-1,South Africa,1000,10.741971207087486,0.09051387441924036,36,371,236,94,59,47
2019-1,Africa others,2690,19.82182628062361,0.24348232218775653,68,630,671,403,186,51
2019-1,Stateless,54,-18.181818181818176,0.004887749218638979,1,10,10,14,4,2
2019-1,Overseas Korean,15526,-19.118566367993328,1.4053184142331259,439,1163,1618,3202,4785,4319
2019-2,China,453379,31.284440596396035,37.72493305885662,33333,136272,122438,64289,51696,35050
2019-2,Japan,213200,26.722974780225982,17.74002705936585,26804,75150,29004,33255,29288,17457
2019-2,Taiwan,94559,7.360688496298651,7.868101401062738,15862,22177,20705,17971,11158,5887
2019-2,Hong Kong,51312,1.4271595176912344,4.269588501267264,9786,8163,9141,11687,7666,3943
2019-2,Macao,3966,-17.95614398014067,0.33000444332760304,830,954,848,637,374,286
2019-2,Phillipines,29294,8.444082478806504,2.4375063446391336,1180,4784,5551,3271,1991,980
2019-2,Indonesia,18115,22.90521745030192,1.5073198413715403,1685,4133,3733,2652,1612,613
2019-2,Thailand,39220,-9.689601178962882,3.2634327451610163,2211,10257,11089,5719,3213,1843
2019-2,Vietnam,42181,72.11114738044719,3.5098127644986445,6076,14050,9178,4455,2580,1156
2019-2,India,8309,17.143662766107436,0.6913784466992067,238,1610,2346,1284,479,177
2019-2,Malaysia,27484,21.99387456167605,2.2868991730750987,4445,7261,5212,3630,3141,1511
2019-2,Singapore,9792,7.6872319366545705,0.8147764773232197,735,2124,1987,1749,1386,738
2019-2,Mongolia,9176,3.0895405010672894,0.7635201139622001,952,1934,2819,2055,990,384
2019-2,Uzbekistan,7149,28.00358102059086,0.5948567234868971,417,2255,2217,1145,441,231
2019-2,Myanmar,5367,1.1687087653157402,0.4465793866210907,68,1399,1074,319,94,27
2019-2,*GCC,1478,16.103692065985854,0.12298198871361506,162,432,456,198,134,64
2019-2,Kazakhstan,3774,-19.479411137187963,0.3140284339683242,455,1027,896,555,330,231
2019-2,Turkey,1765,-6.909282700421937,0.1468627943704537,40,314,259,171,71,48
2019-2,Cambodia,3715,43.88071262587141,0.3091191394256292,255,1543,1094,223,170,158
2019-2,Sri Lanka,1516,31.483087597571547,0.126143907232639,9,469,661,148,60,14
2019-2,Bangladesh,1656,33.33333333333333,0.1377930807237798,61,529,568,142,45,16
2019-2,Pakistan,1439,10.60722521137587,0.11973686181251154,89,568,474,196,69,18
2019-2,Israel,761,6.732117812061711,0.06332157876255823,25,78,132,177,116,227
2019-2,Iran,329,-39.853747714808044,0.02737555770418089,11,65,118,53,28,6
2019-2,Asia others,5150,12.988152698552003,0.4285231677098224,288,1785,1593,606,282,118
2019-2,USA,57732,-12.592166421898899,4.803786314218149,4516,9527,9919,9187,10502,9602
2019-2,Canada,13551,-17.562963864217064,1.12755678556035,1080,2490,2457,1811,2370,2205
2019-2,Brazil,1354,-12.757731958762886,0.11266414933574749,114,392,292,182,86,44
2019-2,Mexico,1435,2.4268379728765277,0.11940402828419323,51,408,290,149,105,60
2019-2,America others,2308,-2.120441051738764,0.1920449458396641,178,759,472,256,183,119
2019-2,Russia,20001,-4.2510412178658585,1.6642508499736228,1329,4123,4137,2972,1994,1106
2019-2,UK,7876,-23.785562221792144,0.6553492172587497,353,1736,1474,1248,1284,1141
2019-2,Germany,6866,-28.30740315338832,0.5713087513583769,288,1514,1306,1210,1213,571
2019-2,France,5830,-19.88456781640786,0.4851048675239349,527,1793,1049,939,671,290
2019-2,Italy,2384,-25.5,0.19836878287771198,58,389,494,519,387,127
2019-2,Netherland,2357,-39.78027593254983,0.19612215656156337,120,420,340,328,349,324
2019-2,Ukraine,2080,4.8387096774193505,0.1730734347255205,49,355,242,150,101,17
2019-2,Spain,1373,-9.193121693121697,0.11424510859525945,38,374,316,301,130,80
2019-2,Romania,771,20.28081123244929,0.064153662583354,5,102,121,83,49,21
2019-2,Norway,577,-67.29024943310658,0.04801123645991603,43,174,101,73,109,61
2019-2,Sweden,927,-51.23619147816938,0.07713417018776804,64,249,157,178,164,70
2019-2,Poland,1266,-24.777183600713016,0.1053418117127447,33,269,222,132,69,23
2019-2,Swiss,877,-63.443101292205085,0.07297375108378917,50,239,144,146,163,81
2019-2,Portugal,670,-14.540816326530614,0.05574961599331671,67,130,131,110,90,59
2019-2,Austria,746,-56.526806526806524,0.06207345303136457,22,188,144,120,117,61
2019-2,Finland,933,-51.75801447776629,0.0776334204802455,34,212,101,101,86,32
2019-2,Belgium,654,-19.65601965601965,0.054418281880043474,20,149,102,116,110,59
2019-2,Croatia,447,-6.680584551148227,0.037194146789570996,5,48,55,61,41,9
2019-2,Greece,607,-19.281914893617024,0.05050748792230335,14,80,144,95,67,42
2019-2,Bulgaria,326,-12.834224598930478,0.02712593255794216,5,40,42,43,28,15
2019-2,Denmark,694,-13.466334164588535,0.05774661716322656,42,177,102,112,114,48
2019-2,Ireland,613,-9.453471196454943,0.05100673821478081,31,158,160,103,71,41
2019-2,Europe others,2674,-44.256827183656455,0.22249921368078934,156,626,458,352,209,160
2019-2,Austrailia,8331,-4.9948682860075255,0.6932090311049575,896,1952,1535,1498,1234,901
2019-2,New Zealand,1863,-7.451564828614011,0.15501721581425226,179,382,397,259,311,200
2019-2,Oceania others,428,11.168831168831161,0.03561318753005903,12,94,97,65,41,32
2019-2,South Africa,1191,8.767123287671241,0.09910118305677641,27,567,261,105,67,38
2019-2,Africa others,3476,15.750915750915762,0.28923233610861027,125,850,864,591,324,98
2019-2,Stateless,39,-26.415094339622648,0.00324512690110351,2,7,8,5,6,5
2019-2,Overseas Korean,14459,-14.2763976996502,1.2031099964886063,384,1166,1447,2776,4571,4115
2019-3,China,487623,20.874389273523654,31.753710665448498,14459,137271,133971,64975,63774,60503
2019-3,Japan,375119,27.385253806761845,24.427519192311223,81364,112727,42342,59631,47010,29468
2019-3,Taiwan,98510,4.704306789677304,6.4149107766724125,7613,24934,25101,17349,13044,9490
2019-3,Hong Kong,46068,-26.10202117420597,2.9999199031544483,1597,10351,10333,8226,8773,5863
2019-3,Macao,3049,-31.23590437528191,0.19854900982716664,60,976,905,440,413,230
2019-3,Phillipines,38701,-6.013065546300123,2.520185381869851,1989,6297,6541,4162,2664,1763
2019-3,Indonesia,25626,26.848826848826857,1.6687494017156352,2083,5810,5720,3888,2456,1263
2019-3,Thailand,53100,-4.727729433928407,3.4578394299188417,5577,12550,13698,8230,4641,2789
2019-3,Vietnam,46991,24.790206076056933,3.0600250970116063,4480,11937,10998,6360,5388,2599
2019-3,India,10646,13.702873010787142,0.6932609900360827,342,1735,2756,1563,681,389
2019-3,Malaysia,40789,7.779098956268982,2.656154661148016,5697,10012,8560,5923,5211,2915
2019-3,Singapore,22105,-0.34712830222702884,1.4394640414003013,3822,4375,3731,3731,3201,1992
2019-3,Mongolia,8724,-18.192048012003003,0.5681015289380786,816,1776,2643,2120,997,327
2019-3,Uzbekistan,8405,11.857865318072935,0.5473284446039146,451,2414,2742,1398,587,334
2019-3,Myanmar,7021,15.24950755088641,0.45720321351149124,118,1687,1376,469,221,71
2019-3,*GCC,3021,1.3758389261744997,0.19672566700159738,633,775,773,405,278,120
2019-3,Kazakhstan,4915,-10.228310502283101,0.3200617852740321,561,1241,1093,806,577,332
2019-3,Turkey,2532,2.759740259740262,0.16488228694076285,54,385,545,316,147,101
2019-3,Cambodia,2501,8.36221837088389,0.16286358595531117,109,1260,752,133,88,76
2019-3,Sri Lanka,1494,0.2012072434607548,0.09728836362144537,26,539,523,118,49,18
2019-3,Bangladesh,1704,14.20911528150135,0.1109634348132148,62,624,493,186,85,23
2019-3,Pakistan,1282,-11.768754301445284,0.083483053656421,61,470,413,184,85,15
2019-3,Israel,1613,6.609385327164574,0.10503757063011472,31,159,224,296,290,603
2019-3,Iran,382,-50.13054830287207,0.024875605691694867,30,60,134,76,31,28
2019-3,Asia others,6719,8.039877793857531,0.4375371587499943,470,2435,1957,789,439,184
2019-3,USA,84275,5.239825672148757,5.487936308030327,7736,12709,14323,13477,15237,15631
2019-3,Canada,18670,-0.8655020442839723,1.21577894833493,2092,2557,3293,2901,3094,3530
2019-3,Brazil,1673,4.693366708385471,0.10894473382776312,116,347,426,235,139,120
2019-3,Mexico,2201,-3.633975481611207,0.14332776996706914,90,437,528,283,228,172
2019-3,America others,3208,13.196894848271,0.20890299230093493,134,776,789,404,264,193
2019-3,Russia,27992,8.778611121905723,1.8228218704762378,2909,5430,6403,4511,2850,1519
2019-3,UK,12813,4.536183405401006,0.8343747008578176,415,1983,2151,1966,2182,3244
2019-3,Germany,11142,-0.8630661090844427,0.7255602058033095,468,2076,2139,1853,2064,1707
2019-3,France,7469,5.16755843424388,0.4863766987205994,436,1776,1610,1484,978,585
2019-3,Italy,3583,1.0719322990127012,0.23332276228623747,81,528,844,874,583,229
2019-3,Netherland,2898,8.783783783783793,0.18871598244641813,92,463,495,463,513,399
2019-3,Ukraine,2368,4.7324192835028756,0.1542027075338572,58,318,298,176,114,40
2019-3,Spain,2007,-11.507936507936511,0.13069460896133928,44,443,562,490,206,112
2019-3,Romania,1044,7.628865979381438,0.06798463963908231,29,100,177,106,79,28
2019-3,Norway,858,-39.0625,0.05587243372637224,92,199,146,143,162,76
2019-3,Sweden,1458,-14.033018867924529,0.09494406570285634,85,332,264,307,266,154
2019-3,Poland,1960,12.064036592338478,0.12763399778984802,38,351,477,245,129,98
2019-3,Swiss,1224,-18.345563709139423,0.07970612923202754,49,215,226,209,239,237
2019-3,Portugal,824,-16.08961303462322,0.05365837458103814,18,153,203,163,125,65
2019-3,Austria,911,-15.097856477166827,0.059323761217628335,20,150,212,161,163,96
2019-3,Finland,1082,-9.304274937133272,0.07045917633092631,39,161,138,171,144,43
2019-3,Belgium,1400,31.455399061032875,0.09116714127846287,34,189,275,266,312,219
2019-3,Croatia,489,-25.570776255707763,0.03184338006083453,4,53,76,56,39,15
2019-3,Greece,803,-10.678531701890993,0.05229086746186121,16,91,163,113,117,44
2019-3,Bulgaria,455,-7.8947368421052655,0.029629320915500433,16,44,66,56,32,15
2019-3,Denmark,1001,-13.781223083548666,0.06518450601410096,64,198,153,181,166,116
2019-3,Ireland,724,-3.4666666666666623,0.0471464359182908,21,150,153,132,115,95
2019-3,Europe others,3300,2.2621629996901094,0.21489397587066247,107,580,647,532,272,194
2019-3,Austrailia,12263,14.682502571775924,0.7985590382127072,974,1504,2078,2083,2040,3260
2019-3,New Zealand,2451,3.8559322033898225,0.1596076166239375,188,363,499,366,482,411
2019-3,Oceania others,430,13.756613756613767,0.028001336249813595,20,79,99,79,48,22
2019-3,South Africa,945,19.017632241813608,0.061537820362962445,30,276,192,110,93,71
2019-3,Africa others,3798,16.289038579301906,0.24732343041114427,136,729,924,595,294,100
2019-3,Stateless,57,3.6363636363636376,0.003711805037765988,0,8,10,9,9,7
2019-3,Overseas Korean,19225,-18.86816340310601,1.2519202079131775,918,1336,1901,4011,5402,5657
2019-4,China,493250,34.5457223598215,30.16697796908504,16492,134102,139617,65302,62969,61204
2019-4,Japan,290092,35.65018961623172,17.741913782073627,28550,73721,49370,53623,45116,36773
2019-4,Taiwan,113072,7.506393983475479,6.915439499078325,9518,23691,28047,20239,16531,14028
2019-4,Hong Kong,76104,14.385342611936935,4.654491011372018,12113,12084,14315,15750,12675,8376
2019-4,Macao,4310,4.5355323793354385,0.26359792204106747,375,1188,1196,575,558,418
2019-4,Phillipines,66525,35.6186165983732,4.068643100645478,7525,9875,10284,8410,5904,4280
2019-4,Indonesia,31427,12.589116182423954,1.922063084915227,2137,6622,6488,4424,3222,1830
2019-4,Thailand,69726,7.734857849196541,4.264415014439784,7710,17390,17251,10301,7013,4423
2019-4,Vietnam,63169,24.527372010960626,3.863391447195404,4636,14925,16384,9377,7854,4688
2019-4,India,12933,21.53932901043134,0.7909772449552495,490,1707,2829,1641,821,481
2019-4,Malaysia,43726,4.770576254941905,2.6742651366978456,3801,10929,9100,6077,6478,4908
2019-4,Singapore,23307,10.302886890676755,1.4254470461742828,1914,5364,4648,3715,3616,2784
2019-4,Mongolia,7582,-0.32864466938345993,0.4637121681938221,762,1292,2457,1881,858,292
2019-4,Uzbekistan,7378,3.2899342013159805,0.4512356076146162,197,1837,2480,1366,564,376
2019-4,Myanmar,7272,-1.1956521739130421,0.4447526888822837,285,1557,1245,578,369,196
2019-4,*GCC,3265,32.3469801378192,0.199686128877978,516,864,914,470,334,137
2019-4,Kazakhstan,4618,-3.731498853450077,0.2824350821312412,391,1191,1151,689,520,364
2019-4,Turkey,2826,-15.109642535295887,0.1728370597884122,71,395,522,385,283,243
2019-4,Cambodia,5325,34.810126582278485,0.32567492688368543,500,2730,1226,341,268,260
2019-4,Sri Lanka,1478,5.5714285714285605,0.09039390458856095,63,464,474,146,73,24
2019-4,Bangladesh,1318,7.76778413736714,0.08060836687937979,35,336,402,155,99,24
2019-4,Pakistan,1218,7.597173144876335,0.07449240581114157,46,300,399,241,111,30
2019-4,Israel,2221,17.950079660116835,0.13583549532557096,143,215,269,287,310,987
2019-4,Iran,298,-54.50381679389314,0.01822556398334991,9,39,114,66,43,10
2019-4,Asia others,6762,11.620997028722346,0.41356128743426873,417,2249,1806,884,542,249
2019-4,USA,102524,14.925624096223466,6.270327925600556,10481,13435,16627,15013,17478,23933
2019-4,Canada,21361,15.035812375464474,1.306430443786367,1760,4313,3657,2745,3479,4066
2019-4,Brazil,2212,22.684414864115364,0.1352850588294295,108,389,525,296,228,322
2019-4,Mexico,3298,39.9830220713073,0.2017043960304966,328,632,720,456,331,310
2019-4,America others,4422,25.34013605442176,0.2704477984374942,155,898,1007,566,441,435
2019-4,Russia,34205,9.235780666176986,2.0919644833908846,2794,6918,7501,5078,3591,1853
2019-4,UK,16707,25.024320886028594,1.02179361567056,1333,2814,3063,2227,2545,3658
2019-4,Germany,12873,17.8414500183083,0.7873076683143067,1172,2083,2532,2003,2218,1590
2019-4,France,11616,14.17338313347749,0.7104300376865521,1349,2707,2356,1914,1449,1108
2019-4,Italy,4381,5.642633228840133,0.2679402543995166,202,586,892,876,598,281
2019-4,Netherland,4089,23.83403997577227,0.250081648080261,378,736,665,640,722,498
2019-4,Ukraine,2574,13.84343210968597,0.1574248378964519,58,343,321,223,117,34
2019-4,Spain,2678,32.4431256181998,0.16378543740741963,155,618,680,523,336,165
2019-4,Romania,1323,15.54585152838428,0.0809141649327917,35,180,243,135,96,61
2019-4,Norway,1489,48.011928429423456,0.09106666030606715,134,472,275,204,192,181
2019-4,Sweden,2188,17.63440860215053,0.13381722817305233,227,563,453,360,263,245
2019-4,Poland,2301,9.467174119885824,0.14072826418016152,124,400,492,330,166,172
2019-4,Swiss,2236,27.77142857142858,0.1367528894858067,265,456,408,325,364,354
2019-4,Portugal,1192,13.092979127134718,0.07290225593339963,96,187,283,199,152,164
2019-4,Austria,1140,6.343283582089554,0.06972195617791575,60,242,224,188,154,118
2019-4,Finland,1275,8.326253186066278,0.07797850362003736,85,219,182,178,146,91
2019-4,Belgium,1490,13.914373088685018,0.09112781991674954,138,339,242,255,264,161
2019-4,Croatia,578,9.469696969696972,0.035350254974416934,11,49,84,65,44,20
2019-4,Greece,798,-6.884480746791133,0.04880536932454103,44,71,167,132,77,38
2019-4,Bulgaria,742,26.405451448040896,0.04538043112632762,26,72,96,82,47,19
2019-4,Denmark,1387,18.648417450812673,0.08482838001646417,191,331,206,210,201,135
2019-4,Ireland,986,36.3762102351314,0.06030337613282889,54,226,229,171,118,109
2019-4,Europe others,4333,24.583093732029894,0.2650045930867622,184,759,919,591,412,336
2019-4,Austrailia,19938,28.632258064516126,1.2194003177853372,2607,2517,3298,2990,2759,5427
2019-4,New Zealand,3802,22.605611093195744,0.23252883981441727,473,629,674,473,647,746
2019-4,Oceania others,471,1.2903225806451646,0.028806176631402038,26,80,99,88,50,29
2019-4,South Africa,1159,17.66497461928933,0.07088398878088101,33,299,215,146,108,101
2019-4,Africa others,3858,3.487124463519309,0.2359537780126307,132,703,923,703,356,119
2019-4,Stateless,64,-1.538461538461533,0.0039142150836724635,2,4,17,11,9,12
2019-4,Overseas Korean,20174,-15.466163838256863,1.2338339859063792,443,1260,2035,3906,5741,6789
2019-5,China,500413,35.16565736233937,33.6823308321285,17011,138797,141104,66171,63504,58996
2019-5,Japan,286273,25.983804955331614,19.268767786420263,20144,71069,47535,51611,47821,45462
2019-5,Taiwan,101779,15.259784381228481,6.850649263234981,10262,21375,25044,18819,13791,11481
2019-5,Hong Kong,57026,-0.5129099790649017,3.8383667051674517,5934,13256,10654,9285,10340,6612
2019-5,Macao,2909,-7.208931419457731,0.1958020682729302,182,924,853,368,365,216
2019-5,Phillipines,50569,18.36758578718225,3.4037520764846363,5084,6991,7129,5841,3647,2491
2019-5,Indonesia,18936,-0.6349372933830089,1.274564443044416,1662,3677,3053,2189,1472,1001
2019-5,Thailand,52660,1.5308680060154956,3.5444953300971136,4348,15554,12607,7457,4588,2623
2019-5,Vietnam,44416,31.892148711248367,2.9895994033724533,4331,10596,10812,6071,4813,2431
2019-5,India,13858,19.208602150537637,0.9327690141375959,539,1892,2822,1716,823,431
2019-5,Malaysia,31217,22.795216741405078,2.1011870626593545,3527,7075,6795,4640,3959,2900
2019-5,Singapore,20114,1.750303520841756,1.3538545208806179,1705,4983,3656,3311,3146,2022
2019-5,Mongolia,8014,2.8358783523675157,0.5394148419179314,648,1390,2591,2037,988,318
2019-5,Uzbekistan,6839,-0.7546074590044971,0.4603266912748606,239,1706,2403,1186,505,299
2019-5,Myanmar,6556,1.1260219034397556,0.4412782260561465,132,1395,1221,515,248,89
2019-5,*GCC,930,-27.795031055900623,0.06259742987068583,126,287,243,144,69,38
2019-5,Kazakhstan,4585,-1.1427339370418288,0.30861206016891884,494,1263,1087,651,461,339
2019-5,Turkey,2492,-2.3128185025480197,0.16773418842768717,40,376,506,332,148,93
2019-5,Cambodia,4236,-3.5079726651480625,0.28512119670131736,218,2164,1210,257,204,177
2019-5,Sri Lanka,1538,-9.101654846335695,0.1035213410119514,10,429,606,160,80,31
2019-5,Bangladesh,1225,4.880136986301364,0.08245360386192488,39,315,384,168,60,15
2019-5,Pakistan,854,-25.284339457567807,0.057481940978027626,68,194,270,160,75,31
2019-5,Israel,1409,9.735202492211847,0.09483847170730787,38,251,243,284,218,365
2019-5,Iran,271,-62.413314840499304,0.018240756446189096,15,44,109,55,26,9
2019-5,Asia others,4786,-23.777671603758566,0.32214118210871223,223,1513,1423,615,299,164
2019-5,USA,95815,13.255162468528736,6.449218003290066,10775,17360,14919,13668,16001,17242
2019-5,Canada,19439,4.224974532196657,1.308420902426088,1511,5140,3135,2421,3254,2702
2019-5,Brazil,2054,20.894643908181276,0.13825281823052546,103,389,504,299,196,169
2019-5,Mexico,2565,24.213075060532695,0.17264775012721414,99,532,557,315,328,226
2019-5,America others,3646,12.600370599135257,0.24540884871883925,103,814,919,500,331,325
2019-5,Russia,32955,23.487091093041546,2.218170216546722,3189,6583,7569,4882,3353,1613
2019-5,UK,11522,6.655558641118198,0.7755350397527334,446,2383,2371,1794,1946,1624
2019-5,Germany,10103,4.165377874007636,0.6800234774016547,427,1748,2307,1770,1810,998
2019-5,France,10395,10.702875399361012,0.6996777241997625,620,2571,2027,1683,1352,1220
2019-5,Italy,4856,8.41705737887921,0.3268528166151079,82,594,892,995,669,396
2019-5,Netherland,3348,8.560311284046684,0.225350747534469,166,717,586,584,540,344
2019-5,Ukraine,2397,6.438721136767311,0.16133982731186441,51,299,293,176,126,42
2019-5,Spain,2403,6.46876384581303,0.16174368169812692,70,496,576,547,269,258
2019-5,Romania,1122,3.0303030303030276,0.07552077023108549,8,127,215,110,76,26
2019-5,Norway,820,-4.982618771726532,0.05519343278920685,36,171,154,162,156,109
2019-5,Sweden,1655,4.879594423320666,0.11139650154406995,86,435,334,294,270,167
2019-5,Poland,2259,20.802139037433154,0.15205117642782717,52,382,568,320,141,119
2019-5,Swiss,1585,9.159779614325059,0.10668486703767421,68,332,294,290,303,240
2019-5,Portugal,916,12.53071253071254,0.06165510296940669,32,161,217,173,120,80
2019-5,Austria,992,3.6572622779519337,0.06677059186206488,22,214,230,169,137,99
2019-5,Finland,1329,9.653465346534663,0.08945374655714136,48,306,178,195,159,65
2019-5,Belgium,1245,22.418879056047203,0.08379978514946651,16,257,245,247,219,128
2019-5,Croatia,569,17.319587628865985,0.038298857630559395,8,48,89,66,36,23
2019-5,Greece,749,-2.7272727272727226,0.05041448921843407,16,87,155,136,96,50
2019-5,Bulgaria,639,0.9478672985782088,0.0430104921369551,11,70,84,89,59,39
2019-5,Denmark,1181,16.12586037364798,0.07949200502933329,86,264,187,218,229,89
2019-5,Ireland,752,0.9395973154362469,0.050616416411565314,20,207,159,143,93,67
2019-5,Europe others,3962,19.301415236374588,0.266678513061997,134,695,797,575,302,223
2019-5,Austrailia,13558,8.707504810776134,0.9125762948244714,972,1808,2442,2294,2282,3446
2019-5,New Zealand,3172,4.51400329489291,0.21350435220410263,234,469,574,397,649,706
2019-5,Oceania others,638,19.69981238273921,0.042943183072578016,39,124,127,127,71,39
2019-5,South Africa,1064,-2.1159153633854677,0.07161684449721475,15,243,174,120,95,48
2019-5,Africa others,3214,-24.30522845030617,0.21633133290794004,91,506,691,484,298,104
2019-5,Stateless,72,1.4084507042253502,0.004846252635149871,4,7,19,7,10,6
2019-5,Overseas Korean,18788,-18.95086493248781,1.264602701516608,322,1285,1856,3575,5606,6144
2019-6,China,475007,25.037708184716134,32.177293597558084,27351,138838,133662,60406,54228,47686
2019-6,Japan,282476,20.05287025113369,19.135114190451546,18006,77298,51694,51452,45179,36174
2019-6,Taiwan,118437,15.140526720006232,8.02300202273648,19121,26305,26066,22281,13404,10350
2019-6,Hong Kong,61728,-6.6650538284746546,4.181496228876765,9344,14229,10823,10073,10151,6341
2019-6,Macao,3622,-5.701640197865143,0.2453567156070445,479,1268,883,417,352,223
2019-6,Phillipines,40748,8.50508600947968,2.760296920915475,3371,6607,6006,4561,2868,1641
2019-6,Indonesia,27880,22.1039723207638,1.8886099478532303,5310,5677,4581,4066,2391,1561
2019-6,Thailand,37684,-8.132618235007316,2.552739500534474,2392,11601,8936,4711,2916,1646
2019-6,Vietnam,58339,20.797183973496214,3.9519230899501294,10409,11320,12393,9385,6434,3113
2019-6,India,13249,28.05915329595978,0.8974961692649731,749,2171,3089,1867,839,332
2019-6,Malaysia,25538,-7.5614435154016,1.729961292979763,3317,6290,5083,3826,2943,1926
2019-6,Singapore,24743,7.033784660639353,1.6761074583835178,4952,5511,3490,4619,2808,2096
2019-6,Mongolia,9244,1.326318097117185,0.6261947761103035,1520,1717,2922,1942,847,259
2019-6,Uzbekistan,7295,8.074074074074078,0.49416820550894247,490,1871,2397,1295,480,280
2019-6,Myanmar,6303,6.559594251901935,0.42696945844042006,107,1404,1102,393,185,64
2019-6,*GCC,4736,82.504816955684,0.320819824714236,897,1109,1341,651,427,155
2019-6,Kazakhstan,4829,6.108547571962197,0.32711970725191,836,1315,1014,727,373,250
2019-6,Turkey,2835,13.4453781512605,0.19204480639038407,160,490,554,353,167,130
2019-6,Cambodia,3733,35.9927140255009,0.2528759302487844,198,1966,1027,263,174,104
2019-6,Sri Lanka,1819,-5.751295336787566,0.1232202831831071,24,746,540,152,57,26
2019-6,Bangladesh,1260,0.3984063745019917,0.08535324728461514,56,366,381,148,74,21
2019-6,Pakistan,979,-11.881188118811881,0.06631811832669701,83,275,318,182,76,22
2019-6,Israel,940,4.910714285714279,0.06367623210122082,28,164,225,238,160,115
2019-6,Iran,384,-34.24657534246576,0.026012418220073184,18,71,141,71,43,16
2019-6,Asia others,6396,10.65743944636679,0.43326934097809405,428,2333,1798,796,469,173
2019-6,USA,105398,11.247387642228368,7.139731394685608,25567,16732,13859,17788,15491,10452
2019-6,Canada,16133,11.101163831692041,1.0928602686053144,2206,3547,2573,2299,2469,1723
2019-6,Brazil,1924,19.133126934984524,0.13033305379015836,146,442,470,310,154,108
2019-6,Mexico,2361,16.133792424987693,0.15993572764998124,245,624,378,306,225,127
2019-6,America others,3370,20.14260249554367,0.22828606615012148,259,941,799,463,272,178
2019-6,Russia,28666,6.978653530377676,1.9418541163974425,5006,5402,5961,4069,2345,1327
2019-6,UK,11155,5.375023616096741,0.7556472011586365,932,2745,1965,1643,1795,1278
2019-6,Germany,8947,6.208452041785373,0.6060757963932156,817,1592,1821,1615,1540,648
2019-6,France,8559,10.925349922239501,0.57979241548335,765,2493,1513,1336,1005,648
2019-6,Italy,4136,4.470825966153069,0.2801754212453716,242,630,747,820,577,280
2019-6,Netherland,2900,11.796453353893611,0.19644795009951102,174,641,514,494,433,213
2019-6,Ukraine,1941,0.6742738589211594,0.1314846452217762,87,257,249,146,87,27
2019-6,Spain,2590,21.36832239925024,0.17544834164059778,225,551,583,547,295,239
2019-6,Romania,984,0.10172939979653517,0.06665682168893755,22,124,191,110,72,38
2019-6,Norway,1156,5.186533212010924,0.07830821735001199,229,313,176,182,144,85
2019-6,Sweden,2079,2.4137931034482696,0.14083285801961498,394,608,272,364,290,89
2019-6,Poland,2201,29.546792230723963,0.14909722005828407,157,434,443,291,161,83
2019-6,Swiss,1239,2.1434460016487966,0.0839306931632049,119,299,217,213,217,132
2019-6,Portugal,868,4.704463208685161,0.0587989036849571,68,180,213,161,109,40
2019-6,Austria,889,8.150851581508523,0.060221457806367354,56,174,183,155,147,74
2019-6,Finland,1338,12.248322147651013,0.09063701973556751,211,251,184,195,125,40
2019-6,Belgium,1181,29.212253829321668,0.08000173416121467,89,259,212,216,176,105
2019-6,Croatia,403,-7.78032036613272,0.02729949099658723,5,41,76,54,27,14
2019-6,Greece,765,-3.164556962025311,0.05182161442280205,26,83,165,117,86,69
2019-6,Bulgaria,448,-13.846153846153841,0.030347821256752054,7,59,73,48,32,7
2019-6,Denmark,939,7.191780821917804,0.06360849142877271,77,257,132,179,153,54
2019-6,Ireland,820,7.8947368421052655,0.05554735140744795,64,226,180,153,98,42
2019-6,Europe others,3519,21.094287680660706,0.23837942634488946,233,712,707,520,234,106
2019-6,Austrailia,13201,11.485516425977526,0.8942446169874638,1811,2065,2129,2421,2112,2390
2019-6,New Zealand,3547,23.84776536312849,0.24027616517343647,504,550,641,529,595,582
2019-6,Oceania others,604,15.930902111324375,0.040915366158656784,42,118,121,103,95,44
2019-6,South Africa,973,13.40326340326341,0.06591167429200837,66,301,200,128,101,43
2019-6,Africa others,3625,14.245193822880564,0.24555993762438882,165,763,927,620,337,148
2019-6,Stateless,44,-42.10526315789473,0.002980589587716719,2,5,11,10,6,3
2019-6,Overseas Korean,17111,-19.6176069901818,1.1591106462595633,459,1284,1890,3982,4906,4590
2019-7,China,519132,26.513572990005784,35.84999865337723,73000,136470,132334,67717,50810,45511
2019-7,Japan,274830,19.225897133337956,18.979094199370607,29935,74999,45684,51048,41920,28827
2019-7,Taiwan,113587,16.265763183753677,7.844043127838699,30750,16713,20271,25784,11140,8216
2019-7,Hong Kong,59036,1.1357990851935007,4.076883182891399,14776,10055,9485,11751,7629,4578
2019-7,Macao,5246,-5.528543129839725,0.3622760549062992,1575,1162,1090,693,407,319
2019-7,Phillipines,29074,-0.5575127407052682,2.0077800267529056,1651,4215,3960,2964,1854,907
2019-7,Indonesia,18260,1.1018216045623141,1.2609913767802179,2333,4187,3404,2519,1346,539
2019-7,Thailand,37278,11.477272727272725,2.574328397788224,2711,11238,8904,4717,2683,1510
2019-7,Vietnam,52521,13.41179011012741,3.6269730613293443,8985,11103,10993,8094,5436,2643
2019-7,India,10432,5.065968375465801,0.720408655124383,448,1688,2524,1576,668,300
2019-7,Malaysia,16831,7.244806932585712,1.1623080976225548,1730,4669,3599,2300,1561,764
2019-7,Singapore,10992,-4.591615311170905,0.75908089888106,701,2800,1899,2088,1580,615
2019-7,Mongolia,8766,-3.3517089305402425,0.605358729948269,1666,1928,2372,1760,758,243
2019-7,Uzbekistan,7405,5.831070458768051,0.5113713661039165,555,2050,2306,1247,442,253
2019-7,Myanmar,5421,-14.075130765572997,0.3743611310802608,105,1106,965,367,173,43
2019-7,*GCC,4638,15.921019745063724,0.3202890473990499,1554,1064,849,621,377,130
2019-7,Kazakhstan,4953,11.453645364536458,0.3420421845121807,995,1349,1034,607,387,239
2019-7,Turkey,2962,10.398807305255309,0.2045485464415666,202,532,514,378,151,57
2019-7,Cambodia,2565,2.3135221380135684,0.17713268792120807,283,1240,633,181,135,90
2019-7,Sri Lanka,1355,-11.147540983606552,0.09357301837553096,54,496,468,121,42,18
2019-7,Bangladesh,1196,-12.252384446074839,0.08259286345176017,65,326,347,162,88,21
2019-7,Pakistan,1087,-9.79253112033195,0.07506558743483555,115,256,373,190,93,26
2019-7,Israel,1320,11.298482293423273,0.09115600314073866,201,217,252,278,216,155
2019-7,Iran,318,-54.82954545454546,0.021960309847541586,43,42,110,59,35,13
2019-7,Asia others,5878,2.0663309602361624,0.40592044428883467,620,2007,1566,750,331,133
2019-7,USA,97428,7.9295446992356355,6.728141722724155,23904,15300,13328,16637,14065,8381
2019-7,Canada,16103,7.339021463804829,1.1120341807388747,3506,2979,2300,2643,2184,1169
2019-7,Brazil,1979,22.842954686530103,0.13666494713297106,282,463,426,284,160,97
2019-7,Mexico,3253,11.595197255574607,0.22464430167941124,598,903,488,395,290,137
2019-7,America others,3494,17.921025987175156,0.24128717801040972,516,935,727,446,300,177
2019-7,Russia,28421,0.5697098372257514,1.962685428229495,5628,5966,5151,3540,2292,1146
2019-7,UK,10826,1.3385753065618289,0.7476173409103307,1878,2290,1871,1764,1583,750
2019-7,Germany,9675,6.30699923085376,0.6681320684747322,1594,1740,1731,1658,1579,441
2019-7,France,10716,11.799687010954617,0.7400210073152692,2300,2695,1738,1632,1138,380
2019-7,Italy,4388,14.899188269180419,0.3030246528648191,337,716,811,893,625,188
2019-7,Netherland,4141,16.026898290837764,0.28596743106499906,795,1072,468,606,592,180
2019-7,Ukraine,2230,5.437352245862881,0.15399839924533879,114,364,309,183,117,32
2019-7,Spain,3066,15.306506205340353,0.2117305345678066,368,746,646,626,344,158
2019-7,Romania,945,4.419889502762442,0.06525941133939245,57,142,163,99,65,12
2019-7,Norway,1494,15.545243619489568,0.1031720217365633,332,396,202,248,211,78
2019-7,Sweden,1727,9.790209790209792,0.1192624374424664,293,516,275,292,205,73
2019-7,Poland,1954,3.167898627243937,0.134938507679548,231,408,349,255,117,56
2019-7,Swiss,2029,22.598187311178243,0.1401178260398172,460,532,272,285,306,123
2019-7,Portugal,957,-1.3402061855670055,0.06608810227703553,160,203,182,178,113,51
2019-7,Austria,1174,8.50277264325323,0.08107359673274787,180,259,210,182,149,85
2019-7,Finland,1013,6.295907660020994,0.06995532665270322,119,197,122,117,81,20
2019-7,Belgium,1549,20.921155347384857,0.10697018853409407,295,429,216,236,208,62
2019-7,Croatia,455,4.118993135011451,0.03142119805230007,13,73,89,72,39,18
2019-7,Greece,799,13.817663817663828,0.05517700493140166,76,118,133,132,97,48
2019-7,Bulgaria,543,6.0546875,0.03749826492834931,51,78,69,85,42,13
2019-7,Denmark,1507,24.648469809760144,0.1040697702523433,312,423,162,247,207,68
2019-7,Ireland,806,8.187919463087256,0.055660407978360124,109,232,143,129,96,40
2019-7,Europe others,4106,24.348879466989693,0.28355041583020674,537,1077,652,516,245,105
2019-7,Austrailia,11840,3.037159516143073,0.817641725141171,2220,2087,2012,2255,1658,1310
2019-7,New Zealand,2799,4.831460674157295,0.1932921612052481,466,462,508,412,449,359
2019-7,Oceania others,566,-1.3937282229965153,0.03908658922549855,62,131,108,84,82,30
2019-7,South Africa,933,-1.5822784810126556,0.06443072040174937,60,278,183,123,116,59
2019-7,Africa others,4423,7.694180667153638,0.3054416680996114,328,1072,969,719,414,120
2019-7,Stateless,58,-3.3333333333333326,0.004005339531941547,6,9,7,9,10,4
2019-7,Overseas Korean,15587,-20.07486411650087,1.0764004704202224,646,1183,1702,3842,4375,3839
2019-8,China,578112,20.90852051700338,36.44407517120038,78339,160089,142873,76689,57236,46840
2019-8,Japan,329652,4.643123561622087,20.781202030638614,73005,86736,44324,56869,40649,25113
2019-8,Taiwan,109273,8.710964314494074,6.888550014845878,27979,20487,19175,22826,11041,6752
2019-8,Hong Kong,65958,4.039623326024899,4.157980305100111,17324,10910,9862,13538,8452,5022
2019-8,Macao,6321,-1.5420560747663514,0.3984746885675399,1892,1247,1254,944,549,434
2019-8,Phillipines,41817,37.289471092288,2.6361360626212336,1166,4750,5078,3102,1809,860
2019-8,Indonesia,18210,15.282349962015696,1.1479550828689926,1202,4007,2885,1896,1160,491
2019-8,Thailand,32830,15.128348997054285,2.069597219691874,2071,9056,7269,4133,2621,1754
2019-8,Vietnam,43583,17.521909127679656,2.747464380926925,5706,10881,9670,5962,4391,1906
2019-8,India,17001,60.235626767200756,1.0717399431002603,503,2057,2938,1596,708,334
2019-8,Malaysia,20520,6.774898532625673,1.2935770620797216,2717,5781,3784,2816,1941,1052
2019-8,Singapore,13008,9.837034535168442,0.8200219504645719,798,3102,2547,2282,1865,1117
2019-8,Mongolia,9626,-7.6022269149548904,0.6068212865292104,1954,2418,2557,1647,757,241
2019-8,Uzbekistan,7983,5.094786729857814,0.5032468658178566,923,2441,2298,1127,446,229
2019-8,Myanmar,5523,5.159939070830166,0.3481689139311063,113,1221,1048,351,137,43
2019-8,*GCC,5285,23.85751113194281,0.3331654372851524,1559,1524,1053,550,419,133
2019-8,Kazakhstan,4948,7.917121046892039,0.31192101867302446,971,1417,965,647,372,224
2019-8,Turkey,3015,-5.692837034720055,0.19006505078802924,244,710,488,326,150,57
2019-8,Cambodia,2619,21.193891716797776,0.16510128292333287,205,1178,815,173,110,138
2019-8,Sri Lanka,1916,18.052988293284034,0.12078429098171278,31,591,618,172,67,23
2019-8,Bangladesh,1868,20.516129032258057,0.11775837972538596,98,611,604,212,101,33
2019-8,Pakistan,1191,1.7948717948717885,0.07508042304760956,82,457,388,121,84,20
2019-8,Israel,1110,-7.883817427385898,0.06997419780255802,155,255,163,235,166,133
2019-8,Iran,526,-12.91390728476821,0.033158944183914886,107,114,157,76,44,15
2019-8,Asia others,6449,25.17468944099379,0.40654378525107815,748,2169,1731,774,374,140
2019-8,USA,86586,11.985411089124277,5.458365667506567,13912,16819,13577,13230,12918,9952
2019-8,Canada,16700,13.71374097780198,1.0527649579303775,2530,3744,2655,2403,2375,1341
2019-8,Brazil,2188,23.5460191981931,0.1379311214342315,241,475,490,298,155,139
2019-8,Mexico,2809,36.094961240310084,0.17707884831295992,249,687,482,359,243,138
2019-8,America others,4200,34.87475915221581,0.264767234928598,293,1041,839,463,337,242
2019-8,Russia,28700,24.777183600713016,1.809242772012086,4587,6150,5524,4148,2723,1445
2019-8,UK,13116,17.822493711821785,0.8268302507913072,1891,3266,2195,1860,1672,970
2019-8,Germany,11159,11.478521478521486,0.7034613272781487,1575,3039,1834,1485,1516,643
2019-8,France,12984,21.096810296586455,0.8185089948364085,2656,4238,1882,1646,1229,465
2019-8,Italy,5915,38.29787234042554,0.3728805225244421,455,1088,1061,824,628,300
2019-8,Netherland,3961,16.912632821723726,0.24970071846480393,634,1074,482,565,492,203
2019-8,Ukraine,2904,32.66331658291457,0.18306763100777343,137,346,309,191,98,26
2019-8,Spain,4554,34.534711964549494,0.28708333044400836,600,1121,1061,775,554,259
2019-8,Romania,1432,54.64362850971922,0.09027301914708388,67,187,182,158,83,25
2019-8,Norway,803,-18.311291963377418,0.050620973725634316,97,236,129,136,117,54
2019-8,Sweden,1490,9.478324761205004,0.09392932858181213,183,573,230,198,174,78
2019-8,Poland,2326,18.79468845760981,0.14663061629617116,243,558,416,305,131,74
2019-8,Swiss,1664,18.265813788201847,0.10489825688599691,205,601,256,227,224,114
2019-8,Portugal,1342,29.78723404255319,0.08459943554147105,235,272,202,208,164,59
2019-8,Austria,1218,13.407821229050288,0.0767824981292934,132,368,199,151,159,86
2019-8,Finland,1075,5.0830889540566915,0.06776780417815305,68,279,124,121,98,39
2019-8,Belgium,1305,27.069133398247324,0.08226696228138579,182,336,239,213,163,76
2019-8,Croatia,614,49.029126213592235,0.03870644815384741,6,47,57,75,50,15
2019-8,Greece,778,13.411078717201175,0.04904497827963076,40,100,168,123,76,79
2019-8,Bulgaria,751,25.16666666666667,0.04734290319794692,57,107,65,72,45,14
2019-8,Denmark,1045,4.291417165668654,0.06587660964294878,75,425,132,170,122,42
2019-8,Ireland,932,15.920398009950244,0.05875311022701269,66,281,202,134,91,45
2019-8,Europe others,4668,22.616233254531124,0.29426986967778457,401,1170,686,521,272,200
2019-8,Austrailia,13647,17.88027986525007,0.8603043940644228,1111,1667,2045,2000,2080,4388
2019-8,New Zealand,3112,13.867544822539335,0.19617991311852304,271,519,521,406,492,752
2019-8,Oceania others,609,-0.16393442622950616,0.0383912490646467,104,136,149,94,36,24
2019-8,South Africa,1887,27.586206896551737,0.11895613626434864,61,659,322,159,138,71
2019-8,Africa others,4864,16.979316979316984,0.3066256739744525,380,1219,1202,656,410,121
2019-8,Stateless,57,-24,0.003593269616888115,2,16,4,10,13,5
2019-8,Overseas Korean,16560,-17.72246236398867,1.0439393834327575,1019,1466,1757,3797,4571,3950
2019-9,China,541350,24.56424947364788,37.08730228326519,23689,168939,153165,67744,63315,52249
2019-9,Japan,251119,1.3201692979943225,17.203890758421117,30541,76212,37803,40138,35970,27724
2019-9,Taiwan,102758,17.63803505397763,7.039839305484001,9320,25344,25523,17754,13424,10400
2019-9,Hong Kong,45911,-7.52885254486495,3.1453128939262736,1796,11432,9506,7831,8902,5696
2019-9,Macao,2727,-10.148270181219111,0.18682381698801917,122,990,804,349,299,163
2019-9,Phillipines,36252,8.451251981930774,2.4835852634578917,1170,6381,6349,3638,2341,1547
2019-9,Indonesia,19309,5.883965781969724,1.3228386806826777,1240,4915,4081,2432,1606,864
2019-9,Thailand,36052,5.114000816374142,2.469883480033761,1902,10416,8616,4384,3163,2184
2019-9,Vietnam,43617,16.37096128705211,2.988153438051497,4875,11390,10032,5639,4774,2201
2019-9,India,12716,11.612393575002189,0.8711593901062162,340,2033,3118,1799,806,351
2019-9,Malaysia,28020,-2.072484535001573,1.9196198577206807,2240,8957,6158,3624,3016,1960
2019-9,Singapore,17745,15.632738172813765,1.2156907343059773,2102,3584,3315,3029,2725,1722
2019-9,Mongolia,10900,-1.8018018018018056,0.7467471966151114,1308,2297,3417,2361,1119,364
2019-9,Uzbekistan,9056,13.7831385852494,0.6204167534446283,952,2690,2730,1297,567,282
2019-9,Myanmar,6534,18.605917589399155,0.44763726446634294,148,1575,1225,436,217,79
2019-9,*GCC,2462,25.35641547861507,0.16866895395104628,254,829,692,354,190,94
2019-9,Kazakhstan,4909,13.450427547954714,0.33631027414528275,434,1437,1142,773,490,338
2019-9,Turkey,2802,19.437340153452688,0.1919619857720681,79,494,625,331,160,64
2019-9,Cambodia,3629,82.45349421820009,0.24861886023084764,415,1521,961,285,220,225
2019-9,Sri Lanka,2103,22.26744186046512,0.14407425270473206,41,888,695,173,98,21
2019-9,Bangladesh,1880,18.686868686868685,0.12879676418682656,57,716,593,206,110,32
2019-9,Pakistan,1459,9.781790820165547,0.09995451007903189,57,593,463,182,105,22
2019-9,Israel,1837,-6.035805626598467,0.12585088075063852,125,456,323,323,268,327
2019-9,Iran,446,-21.478873239436624,0.030554977035810983,31,86,156,83,57,23
2019-9,Asia others,7350,34.24657534246576,0.5035405408367953,525,2549,1984,964,591,229
2019-9,USA,90819,15.21452312688707,6.2219113439805325,6114,14244,15643,13913,17068,18204
2019-9,Canada,18213,16.250718069828295,1.2477529075184426,1076,3465,3525,2498,3112,3070
2019-9,Brazil,2498,46.25292740046838,0.17113527496738976,124,508,723,424,225,187
2019-9,Mexico,3038,52.8938097634625,0.20813009021254208,120,635,750,418,351,309
2019-9,America others,4588,27.197116717493763,0.3143189117495533,242,1012,1150,713,526,437
2019-9,Russia,30266,29.408243543697623,2.073490885573666,2637,6754,6507,4197,2910,1798
2019-9,UK,13325,23.91890635171581,0.9128813206326936,561,3180,2852,2073,2269,1638
2019-9,Germany,12670,17.750929368029734,0.8680079799186662,912,2913,2616,1998,1995,1277
2019-9,France,10242,28.92749244712991,0.7016683291497221,532,2987,2330,1538,1152,887
2019-9,Italy,4513,0.6916555109326206,0.3091807429655044,159,760,1010,929,652,308
2019-9,Netherland,3485,10.42458808618505,0.23875357616547369,136,715,637,641,561,319
2019-9,Ukraine,2214,4.286387187941587,0.15167874250512448,76,302,364,174,96,39
2019-9,Spain,3134,22.85378283026265,0.2147069462561247,151,755,858,644,348,196
2019-9,Romania,1179,12.60744985673352,0.0807720132852492,42,207,200,136,87,45
2019-9,Norway,1054,0.09496676163343043,0.07220839864516765,83,263,199,210,163,118
2019-9,Sweden,2010,31.9763624425476,0.13770292341251136,147,467,351,400,354,221
2019-9,Poland,2570,18.542435424354252,0.17606791700007673,149,656,543,343,166,120
2019-9,Swiss,1923,15.356928614277155,0.1317426476230146,122,504,358,324,338,239
2019-9,Portugal,1000,12.485939257592804,0.06850891712065242,37,230,259,180,106,73
2019-9,Austria,1369,23.667570009033433,0.09378870753817317,68,386,250,209,206,129
2019-9,Finland,1264,6.576728499156825,0.08659527124050466,43,193,193,240,166,78
2019-9,Belgium,1542,34.554973821989535,0.10564075020004604,97,461,271,253,235,109
2019-9,Croatia,494,-6.792452830188678,0.0338434050576023,5,65,96,74,39,14
2019-9,Greece,1023,29.003783102143753,0.07008462221442743,47,149,226,135,133,87
2019-9,Bulgaria,633,8.205128205128197,0.04336614453737298,19,93,114,106,68,13
2019-9,Denmark,1244,19.04306220095693,0.08522509289809162,110,255,217,257,226,107
2019-9,Ireland,1176,48.67256637168143,0.08056648653388725,31,323,298,210,158,96
2019-9,Europe others,4421,25.418439716312058,0.30287792259040436,178,1016,967,637,335,183
2019-9,Austrailia,17269,12.795558458523848,1.1830804897565468,2480,2243,2913,3062,2666,3569
2019-9,New Zealand,4035,22.98079853703139,0.27643348058183254,547,645,736,567,694,718
2019-9,Oceania others,526,-6.071428571428572,0.03603569040546318,44,95,132,95,49,17
2019-9,South Africa,1197,14.326647564469909,0.08200517379342095,34,371,265,143,132,67
2019-9,Africa others,5119,38.313969197514176,0.35069714674061975,173,1068,1305,885,528,136
2019-9,Stateless,49,-20.967741935483875,0.0033569369389119686,2,7,12,10,7,7
2019-9,Overseas Korean,16619,-14.948822927328553,1.1385496936281225,289,1322,1743,3211,5033,5021
2019-10,China,567695,19.437542472549318,34.27706278548118,24779,174516,152825,69650,69340,62401
2019-10,Japan,248541,-14.434292245617419,15.006747393875722,21039,69133,39807,43944,38912,33177
2019-10,Taiwan,127944,27.979834353619015,7.725177288906197,9945,29979,32220,22929,18315,13589
2019-10,Hong Kong,65544,6.622419598848284,3.9575050039397532,3114,14214,12619,10989,14106,9665
2019-10,Macao,4504,23.127392017495897,0.2719486533892446,154,1430,1139,581,670,529
2019-10,Phillipines,55394,6.49415564441711,3.344654463997295,4612,9893,9583,6846,4924,3176
2019-10,Indonesia,28494,14.291444386506758,1.7204495847409271,2104,6648,5455,3663,2767,1609
2019-10,Thailand,65878,9.904739660666317,3.9776717113624906,7701,17641,16211,9230,5657,3620
2019-10,Vietnam,64820,17.04586493318887,3.9137903447359763,4460,16249,15804,9181,8616,5157
2019-10,India,13160,3.760939840731692,0.7945924242012564,440,2019,2801,1646,752,322
2019-10,Malaysia,45354,11.276313852495212,2.738445654044361,3914,12792,9694,6361,6126,4213
2019-10,Singapore,24719,13.457566438701974,1.4925174873731657,1996,5083,4862,4263,4011,3206
2019-10,Mongolia,11221,4.585702302171679,0.6775168382950075,1254,1710,3539,2835,1378,451
2019-10,Uzbekistan,8375,-1.0398203946591078,0.5056771696569546,380,2234,2785,1489,530,354
2019-10,Myanmar,5876,-3.4029261877363104,0.3547891401676735,94,1083,1004,478,220,94
2019-10,*GCC,2429,1.546822742474907,0.14666147404140212,237,661,671,403,264,135
2019-10,Kazakhstan,4776,0.1677852348993314,0.2883718402724317,587,1211,1118,720,479,361
2019-10,Turkey,2893,11.56961048978018,0.17467749872448593,73,456,632,421,133,75
2019-10,Cambodia,3339,5.1984877126654006,0.20160669486382946,204,1606,955,248,178,145
2019-10,Sri Lanka,1449,-16.819747416762343,0.0874896977710958,35,411,457,168,107,28
2019-10,Bangladesh,1715,10.147719974309567,0.10355060847303608,41,372,470,252,100,30
2019-10,Pakistan,1010,-17.213114754098356,0.060983157176540195,51,238,337,199,87,31
2019-10,Israel,2820,58.96279594137541,0.17026980518598353,204,445,389,412,438,890
2019-10,Iran,501,4.158004158004158,0.030250061134105583,24,82,194,105,50,21
2019-10,Asia others,6841,7.276148659244153,0.4130552259848629,393,2120,2018,1033,552,239
2019-10,USA,101099,3.0539331111179013,6.104293274644592,6219,13894,16454,14595,19557,24512
2019-10,Canada,20624,2.164759498687263,1.2452639936722427,1059,3369,3594,2608,3705,4531
2019-10,Brazil,2452,24.277749619868217,0.1480501994028481,131,488,594,295,270,248
2019-10,Mexico,2878,7.428144830160499,0.173771808271369,120,602,707,386,322,276
2019-10,America others,4669,15.028332101502828,0.28191124837353093,156,923,1067,642,439,391
2019-10,Russia,33379,18.56285298192022,2.015402775639342,3637,6779,7505,5090,3380,1958
2019-10,UK,15911,15.18859045826395,0.9606960533029021,793,3367,3277,2396,2828,2429
2019-10,Germany,13322,5.437277404036411,0.8043738810949194,1125,2338,2834,2273,2289,1396
2019-10,France,12546,16.027004531582346,0.7575194949870033,1319,2912,2488,2118,1533,1278
2019-10,Italy,4951,0.3445480340494633,0.29893822889212923,135,736,1082,1013,695,367
2019-10,Netherland,4043,8.77051385525962,0.2441137667967842,232,830,698,695,701,382
2019-10,Ukraine,2371,-10.359168241965977,0.14315947095601664,84,320,390,218,135,38
2019-10,Spain,3140,6.875425459496265,0.1895912015191448,152,634,846,674,404,254
2019-10,Romania,1295,-0.4611837048424272,0.07819127578576193,28,158,267,142,79,16
2019-10,Norway,1218,-7.51708428246014,0.07354206479309502,55,232,272,247,246,137
2019-10,Sweden,2303,0.6996064713598704,0.1390536742352199,253,454,413,465,408,245
2019-10,Poland,2326,8.742402992052355,0.14044239959666585,85,425,563,309,156,94
2019-10,Swiss,2137,7.874810701665824,0.1290306998873925,229,395,398,408,357,301
2019-10,Portugal,1113,3.824626865671643,0.06720223162127649,47,259,279,189,161,92
2019-10,Austria,1461,13.255813953488381,0.08821425013358934,69,248,297,264,265,192
2019-10,Finland,1473,10.668670172802397,0.0889388024960829,105,232,214,258,183,117
2019-10,Belgium,1505,7.576840600428869,0.09087094212939902,69,346,304,243,223,199
2019-10,Croatia,498,-28.34532374100719,0.030068923043482198,5,60,91,69,45,20
2019-10,Greece,1014,12.416851441241693,0.06122467463070472,24,123,240,173,109,68
2019-10,Bulgaria,655,12.157534246575352,0.03954848311943944,14,70,84,98,77,64
2019-10,Denmark,1802,21.510451786918416,0.1088036131011143,213,393,257,343,337,174
2019-10,Ireland,1394,50.21551724137932,0.0841688327763337,42,420,349,217,169,131
2019-10,Europe others,4868,21.154803384768538,0.29392674171821553,218,971,1006,788,432,282
2019-10,Austrailia,16251,9.015898571141069,0.981225036906886,1575,2309,2859,2789,2582,3365
2019-10,New Zealand,3728,15.310856789359729,0.22509426728132856,314,668,714,516,695,674
2019-10,Oceania others,396,-22.047244094488192,0.02391022796228705,14,56,78,53,46,21
2019-10,South Africa,1175,12.332695984703633,0.07094575216082648,28,307,255,174,128,74
2019-10,Africa others,4927,10.619667714414005,0.2974891241671421,148,882,1224,857,456,109
2019-10,Stateless,40,-36.50793650793651,0.0024151745416451566,0,4,7,10,6,4
2019-10,Overseas Korean,17939,-26.833346928787016,1.0831454025643115,229,1214,1666,3292,5467,6071
2019-11,China,505369,25.012121032217216,34.699185473510894,14962,148112,144075,67501,62593,56118
2019-11,Japan,258522,-13.81968010987472,17.750401839018586,23199,75891,42231,45536,40711,28476
2019-11,Taiwan,102241,15.965519196960255,7.019978316828353,6867,23690,26577,18511,14527,11058
2019-11,Hong Kong,58600,8.942182561814471,4.023539767472359,2501,12518,11278,10299,12493,8768
2019-11,Macao,4896,21.12815437902029,0.3361646877396701,136,1457,1369,704,768,462
2019-11,Phillipines,41739,-6.005945142548308,2.8658451596335968,2470,8292,7594,4754,3310,2030
2019-11,Indonesia,23760,-1.7207147584381244,1.6313874552072227,1737,5505,4939,3552,2528,1322
2019-11,Thailand,49998,6.4217449607288035,3.432917086929744,3333,13551,12452,7063,5044,2920
2019-11,Vietnam,43190,6.455349880456485,2.9654723985858564,4109,10903,10495,5786,4611,2197
2019-11,India,12184,18.903093588367327,0.8365666984109765,358,2215,3108,1868,727,272
2019-11,Malaysia,49282,7.814482607744466,3.3837557477913442,8438,10922,10514,8045,5645,3517
2019-11,Singapore,27546,6.023632654632238,1.891338335064737,5672,4139,4785,5586,3538,2501
2019-11,Mongolia,10519,11.14750633981403,0.722245986587743,1001,1773,3390,2554,1302,472
2019-11,Uzbekistan,7176,0.4760571268552116,0.49271196879490864,363,1956,2418,1233,397,227
2019-11,Myanmar,5660,6.671692423671316,0.3886217591108114,111,1048,943,459,213,83
2019-11,*GCC,2575,29.657603222557903,0.17680230206896455,237,801,755,382,261,101
2019-11,Kazakhstan,3697,4.49406444318825,0.2538400430093056,332,1005,879,559,362,286
2019-11,Turkey,2881,33.50324374420759,0.19781259505269397,81,431,590,438,203,79
2019-11,Cambodia,3555,44.2775974025974,0.24409016848744428,414,1162,1100,428,254,197
2019-11,Sri Lanka,1070,2.392344497607657,0.07346736435487072,22,280,355,120,66,28
2019-11,Bangladesh,1286,1.2598425196850505,0.0882981594022091,66,319,359,169,75,24
2019-11,Pakistan,1011,-0.3940886699507429,0.0694163601521255,39,243,358,185,90,21
2019-11,Israel,1427,16.1106590724166,0.09797937283588833,29,161,267,321,209,420
2019-11,Iran,402,75.54585152838429,0.02760175744921311,61,80,122,54,48,14
2019-11,Asia others,6576,11.608961303462317,0.45151531588563537,364,2221,1965,945,470,167
2019-11,USA,82238,5.60121218347116,5.646550569921362,7004,12397,14887,13745,15136,13968
2019-11,Canada,16862,10.897731009536326,1.157763268926944,801,2878,3051,2355,3138,3561
2019-11,Brazil,1916,20.200752823086574,0.13155464495694605,106,420,476,302,162,150
2019-11,Mexico,2408,12.20876048462256,0.16533590034255016,96,571,594,310,237,164
2019-11,America others,3282,11.708645336963919,0.22534569141372496,147,785,833,495,311,254
2019-11,Russia,26708,14.234388366124895,1.8338003431681187,2163,5314,5821,4170,2889,1573
2019-11,UK,11542,14.651832720770841,0.7924862797980541,412,2183,2293,1946,2143,1805
2019-11,Germany,9819,3.8168746035102563,0.6741832248602575,374,1905,2079,1945,1876,756
2019-11,France,8111,5.777256129368813,0.5569100862451929,630,2100,1685,1451,1082,533
2019-11,Italy,4422,1.8894009216589902,0.30361933194134416,94,724,985,1104,690,269
2019-11,Netherland,3188,2.6070164145477914,0.21889154912460548,142,720,499,525,582,219
2019-11,Ukraine,2146,-9.604043807919126,0.14734669523883417,46,288,331,180,114,30
2019-11,Spain,2610,5.241935483870974,0.17920544015533885,91,627,702,569,331,142
2019-11,Romania,1040,12.920738327904457,0.07140753170940706,10,130,242,162,81,25
2019-11,Norway,837,-23.281393217231894,0.057469330808436254,20,164,163,199,167,96
2019-11,Sweden,1600,3.4928848641655907,0.10985774109139547,73,429,286,316,291,153
2019-11,Poland,2019,5.541035023523255,0.13862673703970463,75,402,490,302,113,42
2019-11,Swiss,1172,-1.6778523489932917,0.08047079534944718,35,289,223,183,260,139
2019-11,Portugal,976,16.7464114832536,0.06701322206575122,47,204,233,192,141,79
2019-11,Austria,1113,8.69140625,0.07641979114670197,30,193,216,244,191,112
2019-11,Finland,1206,10.23765996343693,0.08280527234763933,19,193,181,203,181,89
2019-11,Belgium,1205,19.66236345580934,0.08273661125945721,49,317,210,220,212,91
2019-11,Croatia,543,14.556962025316466,0.037282970882892334,6,74,74,87,52,17
2019-11,Greece,891,15.116279069767447,0.06117702957027085,10,121,197,159,96,54
2019-11,Bulgaria,471,1.0729613733905685,0.03233937253377954,26,73,73,64,42,19
2019-11,Denmark,1120,23.212321232123223,0.07690041876397682,63,314,150,224,195,101
2019-11,Ireland,768,10.662824207492804,0.052731715723869824,27,206,163,150,105,61
2019-11,Europe others,4053,25.0925925925926,0.2782833904021411,121,847,865,669,366,243
2019-11,Austrailia,13346,13.961233028776366,0.9163508828786023,1590,2478,2250,2236,2008,2245
2019-11,New Zealand,3365,18.48591549295775,0.2310445617328411,418,738,590,480,495,480
2019-11,Oceania others,285,-53.95799676898223,0.019568410131904815,33,47,64,47,34,14
2019-11,South Africa,698,-0.28571428571428914,0.04792543955112127,16,166,135,118,82,34
2019-11,Africa others,4043,28.881096589097854,0.2775967795203199,178,830,972,671,407,130
2019-11,Stateless,31,-56.94444444444444,0.002128493733645787,1,6,4,6,8,3
2019-11,Overseas Korean,15233,-25.532850997262415,1.045914356278267,286,1193,1593,2978,4458,4725
2019-12,China,508877,22.244216018583685,34.92904053022607,16888,145040,155791,64790,56601,56174
2019-12,Japan,255356,-1.2242719160145632,17.527496966136038,25870,75859,40795,45699,40105,24821
2019-12,Taiwan,90379,3.5174325376826854,6.20356540791056,7666,22938,25056,17000,10105,6832
2019-12,Hong Kong,71751,20.49675880831625,4.9249496186391815,13151,15659,13034,13711,9852,5614
2019-12,Macao,8342,22.26293419317016,0.5725903432521924,1967,1791,2070,1231,748,534
2019-12,Phillipines,43281,1.4794841735052744,2.9707843018818196,5124,7024,7031,5705,3374,1837
2019-12,Indonesia,29716,13.902410977806735,2.039690079127565,6299,5493,4864,4557,2561,1391
2019-12,Thailand,55850,3.3761522230037366,3.833513626304836,6044,14523,13405,8512,5058,3199
2019-12,Vietnam,30721,2.93861412679266,2.1086727325642056,3989,8399,6785,3316,2070,1021
2019-12,India,10208,20.947867298578203,0.7006715684390289,299,1637,2393,1471,740,302
2019-12,Malaysia,57764,3.7707715799874197,3.964889545387154,16179,9050,9494,11490,6354,3237
2019-12,Singapore,42216,4.327196342518236,2.8976832810758273,12032,7147,5434,8774,5054,2581
2019-12,Mongolia,10042,22.433552792001944,0.689277418717156,1667,1540,2756,2285,1192,571
2019-12,Uzbekistan,5461,-0.9432251042989281,0.3748400700671568,288,1461,1669,996,376,197
2019-12,Myanmar,6900,25.63729060451565,0.47361224747544084,128,1496,1273,424,185,57
2019-12,*GCC,2459,4.150783566285465,0.16878442268726215,516,605,639,366,217,85
2019-12,Kazakhstan,3388,9.04409398133248,0.232550477456057,459,844,683,558,314,220
2019-12,Turkey,2505,31.289308176100626,0.17194183767043175,40,367,515,329,165,33
2019-12,Cambodia,3822,41.870824053452104,0.2623400014277007,442,1817,979,257,165,112
2019-12,Sri Lanka,1313,21.57407407407408,0.09012360593264547,14,482,451,143,33,16
2019-12,Bangladesh,1597,31.332236842105267,0.10961721148091,45,478,483,209,100,28
2019-12,Pakistan,1159,21.61594963273872,0.07955312968464288,39,276,405,208,117,52
2019-12,Israel,839,-4.76730987514189,0.05758850371476736,44,108,162,196,137,189
2019-12,Iran,253,18.224299065420556,0.01736578240743283,7,37,89,44,35,21
2019-12,Asia others,6468,6.627101879327402,0.44396000241610883,740,2171,1739,783,413,205
2019-12,USA,77387,8.960477591766058,5.311801593533614,10421,15399,13676,11967,12336,8974
2019-12,Canada,15292,8.584818575587594,1.049634563535426,1670,3255,2910,2182,2367,1911
2019-12,Brazil,1933,36.70438472418671,0.1326800687492793,234,503,437,294,131,68
2019-12,Mexico,2382,28.133405056481987,0.16349918456326087,224,652,458,257,236,123
2019-12,America others,2490,17.674858223062383,0.17091224582809386,247,644,627,326,206,109
2019-12,Russia,26570,15.481571627260093,1.8237503500612267,2625,4401,5775,4011,2773,1517
2019-12,UK,8735,12.17413638114806,0.5995656495214458,758,1713,1825,1563,1365,919
2019-12,Germany,7304,10.099487488694603,0.5013425877624087,532,1570,1503,1131,1303,447
2019-12,France,6752,16.13347093223254,0.4634536079643734,580,1898,1359,1126,885,354
2019-12,Italy,3084,18.478678447944684,0.2116840827846753,155,479,615,642,408,183
2019-12,Netherland,2459,6.450216450216439,0.16878442268726215,210,564,328,380,376,154
2019-12,Ukraine,2180,18.029236599891707,0.14963401441977695,56,277,234,172,108,43
2019-12,Spain,1733,17.411924119241196,0.11895217751810708,116,412,449,310,217,89
2019-12,Romania,774,8.70786516853932,0.0531269390646364,18,70,135,74,61,11
2019-12,Norway,663,-11.006711409395976,0.045507959431335836,61,174,116,126,114,56
2019-12,Sweden,1290,6.965174129353224,0.08854489844106067,105,370,236,233,210,89
2019-12,Poland,1407,8.900928792569651,0.09657571481129641,67,244,270,184,66,39
2019-12,Swiss,1014,22.021660649819495,0.06960040854204304,110,284,180,151,175,72
2019-12,Portugal,1003,6.929637526652455,0.06884537452432857,120,212,215,201,112,71
2019-12,Austria,781,25.361155698234338,0.05360741525772743,33,205,165,123,108,36
2019-12,Finland,1065,-1.388888888888884,0.07310102080599194,66,231,162,127,114,41
2019-12,Belgium,754,-1.5665796344647487,0.05175414994151919,44,185,147,140,120,36
2019-12,Croatia,381,-16.447368421052634,0.026151632795383038,6,34,58,45,29,16
2019-12,Greece,754,15.46707503828484,0.05175414994151919,12,91,157,122,82,51
2019-12,Bulgaria,442,23.463687150838,0.03033863962089056,6,40,35,57,34,15
2019-12,Denmark,782,16.369047619047628,0.05367605471388329,66,190,109,155,151,48
2019-12,Ireland,645,25.486381322957197,0.044272449220530335,43,113,160,142,106,44
2019-12,Europe others,2941,17.4520766773163,0.20186864055438714,147,599,540,354,227,123
2019-12,Austrailia,19289,12.315127518341672,1.3239864697904025,4767,4100,2985,3432,2413,1277
2019-12,New Zealand,4355,27.48829039812646,0.2989248315587746,850,1004,750,575,581,337
2019-12,Oceania others,252,-35.051546391752574,0.01729714295127697,14,46,33,31,30,14
2019-12,South Africa,922,8.08909730363423,0.06328557857570383,60,305,200,88,119,46
2019-12,Africa others,3078,13.747228381374722,0.21127224604774011,100,687,758,492,235,90
2019-12,Stateless,47,-38.961038961038966,0.0032260544393254665,3,6,8,7,8,5
2019-12,Overseas Korean,5281,-71.96623845418834,0.3624849679591019,88,370,554,1010,1589,1670
2020-1,China,481681,22.62317534507425,37.84693739648057,43778,125168,147332,60428,47771,44915
2020-1,Japan,203969,-1.2381007718156534,16.026378399444337,14045,63536,35205,35559,32903,20294
2020-1,Taiwan,110354,25.46785819860382,8.670802729298472,21543,21735,21010,24151,13315,7802
2020-1,Hong Kong,66962,86.54446177847115,5.261379672320753,11733,14075,10513,13418,10302,6185
2020-1,Macao,5347,108.05447470817123,0.420127790506542,1095,1242,1182,858,529,441
2020-1,Phillipines,30702,0.751484921077683,2.4123365296674493,1423,4597,6498,3627,2042,1042
2020-1,Indonesia,19443,3.189682623925272,1.5276874192666345,2430,4406,3971,3003,1811,753
2020-1,Thailand,38466,-6.93859776455219,3.0223743388114164,2957,8331,9914,5976,3527,2386
2020-1,Vietnam,30232,49.789426745280686,2.375407399026328,4366,7083,6261,3730,1955,954
2020-1,India,9249,6.66589782032061,0.7267181474462328,274,1309,2303,1244,458,147
2020-1,Malaysia,27549,24.853840924541124,2.1645970638983965,4022,6942,5627,3733,3177,1715
2020-1,Singapore,10738,8.959918822932522,0.8437127762220399,773,2202,2279,1820,1454,919
2020-1,Mongolia,12323,25.937659683188553,0.9682503763628422,1487,2045,3962,2899,1373,532
2020-1,Uzbekistan,6135,6.6214807090719585,0.4820430137942089,171,1733,2050,1058,413,226
2020-1,Myanmar,5654,6.901115522783141,0.4442495843508487,20,1158,1264,397,121,15
2020-1,*GCC,2158,21.509009009009006,0.16955971047561577,426,583,534,299,176,98
2020-1,Kazakhstan,4325,21.012870733072187,0.3398265745166998,451,1208,986,699,418,282
2020-1,Turkey,2208,23.697478991596643,0.17348834139488398,68,303,334,248,98,33
2020-1,Cambodia,4257,57.9591836734694,0.33448363646649504,411,1485,1360,389,251,195
2020-1,Sri Lanka,1377,6.9930069930070005,0.1081944955166464,11,398,566,158,12,7
2020-1,Bangladesh,1299,4.170008019246185,0.102065831282588,63,344,488,148,34,13
2020-1,Pakistan,1014,-1.744186046511631,0.07967263504275922,54,298,374,141,80,21
2020-1,Israel,803,-0.248447204968949,0.06309381256344739,59,109,154,194,111,160
2020-1,Iran,176,-4.347826086956519,0.013828780835824084,6,22,69,35,18,6
2020-1,Asia others,4808,5.5775142731664396,0.3777771491968307,219,1702,1552,562,230,101
2020-1,USA,67255,7.201491942553839,5.284401449507664,6319,11594,12089,9910,11312,9657
2020-1,Canada,13809,10.826645264847512,1.085009287283493,1175,2289,2745,2010,2280,1879
2020-1,Brazil,1801,12.211838006230536,0.14150928571204077,210,453,396,245,121,67
2020-1,Mexico,2113,14.031300593631958,0.1660239426482744,142,512,449,241,175,92
2020-1,America others,2514,10.944395410414831,0.19753156262080543,215,706,681,302,199,95
2020-1,Russia,28891,14.674128760816064,2.270041517771555,3211,4978,6418,4629,3010,1725
2020-1,UK,9117,-10.159637366968866,0.7163465618193647,710,1865,1906,1469,1467,1028
2020-1,Germany,6617,-3.401459854014599,0.5199150158559543,425,1162,1301,1071,1189,508
2020-1,France,5982,7.319698600645852,0.4700214031812482,472,1703,1160,974,722,314
2020-1,Italy,2880,5.455876968143536,0.22628914094984867,138,412,615,615,431,184
2020-1,Netherland,2556,12.648743940061703,0.2008316125929907,123,441,367,339,346,183
2020-1,Ukraine,1955,-13.572060123784258,0.15360946894338684,30,260,253,135,78,36
2020-1,Spain,1560,14.035087719298245,0.12257328468116803,100,357,395,335,138,78
2020-1,Romania,856,-1.834862385321101,0.06725816133787169,10,84,152,88,73,21
2020-1,Norway,543,-32.20973782771536,0.04266493178325272,23,115,116,84,119,69
2020-1,Sweden,847,-13.74745417515275,0.06655100777240341,62,182,199,155,136,83
2020-1,Poland,1558,17.673716012084583,0.1224161394443973,45,183,275,199,84,41
2020-1,Swiss,762,2.008032128514059,0.05987233520964746,48,216,136,107,134,83
2020-1,Portugal,720,27.65957446808511,0.05657228523746217,70,168,129,141,79,64
2020-1,Austria,690,-11.082474226804129,0.05421510668590124,29,117,149,96,104,59
2020-1,Finland,885,3.0267753201397074,0.06953676727104725,35,123,89,120,102,41
2020-1,Belgium,722,1.833568406205921,0.0567294304742329,52,168,123,102,103,52
2020-1,Croatia,467,-4.887983706720977,0.036693412785965045,22,37,60,67,46,20
2020-1,Greece,623,-19.612903225806456,0.048950741254081845,11,60,130,124,71,56
2020-1,Bulgaria,351,-18.561484918793504,0.02757898905326281,4,47,25,39,31,17
2020-1,Denmark,665,-11.451398135818913,0.05225079122626714,39,132,109,131,122,53
2020-1,Ireland,715,20.168067226890752,0.05617942214553534,20,176,203,119,86,42
2020-1,Europe others,3219,8.566610455311974,0.2529252585824871,198,548,578,405,290,158
2020-1,Austrailia,14039,-1.7220861043052205,1.103080989512127,2707,3496,2006,2318,1943,1118
2020-1,New Zealand,3553,30.38532110091743,0.27916851312319874,572,698,611,524,470,288
2020-1,Oceania others,163,-73.45276872964169,0.012807336796814351,6,30,30,16,18,3
2020-1,South Africa,1272,27.200000000000003,0.09994437058618316,41,467,386,108,75,53
2020-1,Africa others,2926,8.773234200743495,0.2299034813955754,97,535,721,413,182,58
2020-1,Stateless,61,12.962962962962955,0.004792929721507211,2,5,12,10,10,6
2020-1,Overseas Korean,8792,-43.372407574391346,0.6908104608441213,162,598,885,1640,2740,2767
2020-2,China,104086,-77.04216560537651,15.19033525390682,2582,33029,27649,17366,13778,6325
2020-2,Japan,211199,-0.9385553470919294,30.822431597812066,15024,85449,29946,29557,30572,18573
2020-2,Taiwan,53042,-43.90592117090917,7.740961921274001,9839,13044,10732,11187,5148,2631
2020-2,Hong Kong,20966,-59.14016214530714,3.05978295768317,1476,6086,4676,3231,3171,2118
2020-2,Macao,503,-87.31719616742309,0.07340793798123793,44,210,125,52,36,34
2020-2,Phillipines,20332,-30.59329555540383,2.9672568489752074,771,3503,4664,2892,1646,833
2020-2,Indonesia,15800,-12.779464532155671,2.3058557059712905,1166,2855,4526,3021,1426,633
2020-2,Thailand,31777,-18.977562468128507,4.637542833458842,1460,7254,8932,4922,2811,1798
2020-2,Vietnam,30313,-28.135890566842892,4.42388633007011,991,13249,7540,2257,1786,664
2020-2,India,5839,-29.72680226260681,0.8521450295674915,124,1085,1628,812,307,113
2020-2,Malaysia,18541,-32.538931742104495,2.7058778888869432,1969,5567,3909,2078,1846,926
2020-2,Singapore,5909,-39.654820261437905,0.8623608459863517,260,1349,1419,853,639,326
2020-2,Mongolia,6399,-30.263731473408896,0.9338715609183726,690,975,2011,1467,817,405
2020-2,Uzbekistan,6888,-3.6508602601762474,1.0052363356158385,190,2149,2162,1194,452,264
2020-2,Myanmar,4319,-19.526737469722377,0.6303158730436712,33,1156,1230,377,133,31
2020-2,*GCC,789,-46.617050067658994,0.11514684506400939,67,190,244,144,67,41
2020-2,Kazakhstan,3204,-15.103338632750397,0.4675925115146845,225,954,751,482,291,202
2020-2,Turkey,1784,1.076487252124636,0.26035737844637863,13,223,198,160,69,17
2020-2,Cambodia,2568,-30.87483176312248,0.37477452233761227,89,1114,914,212,95,64
2020-2,Sri Lanka,1088,-28.232189973614773,0.15878297519599774,8,307,492,131,20,9
2020-2,Bangladesh,996,-39.85507246376812,0.1453564736169244,34,340,427,116,29,8
2020-2,Pakistan,1037,-27.936066712995135,0.15134002323368534,52,291,399,146,76,22
2020-2,Israel,352,-53.74507227332457,0.051370962563411025,5,68,63,59,54,103
2020-2,Iran,160,-51.367781155015194,0.023350437528823195,4,50,57,25,11,2
2020-2,Asia others,4558,-11.49514563106796,0.6651955891023508,183,1529,1546,525,229,118
2020-2,USA,42439,-26.489641793113005,6.1935576142857975,2775,7354,7713,5894,6807,6360
2020-2,Canada,9046,-33.24477898310087,1.3201753617858414,515,1673,1781,1171,1426,1240
2020-2,Brazil,1188,-12.259970457902513,0.17337699865151224,57,370,222,143,67,54
2020-2,Mexico,1543,7.526132404181185,0.2251857819185887,57,381,277,127,122,76
2020-2,America others,2601,12.694974003466196,0.3795905500779321,159,800,559,275,247,186
2020-2,Russia,22157,10.779461026948645,3.2335977770383475,1428,4588,5040,3314,2336,1303
2020-2,UK,5566,-29.32960893854749,0.8123033455339369,161,1288,1105,753,797,855
2020-2,Germany,5599,-18.453247888144475,0.8171193732742567,226,1416,982,746,843,388
2020-2,France,5120,-12.178387650085764,0.7472140009223422,302,1951,846,638,595,278
2020-2,Italy,1718,-27.936241610738254,0.2507253229657391,27,309,273,254,243,116
2020-2,Netherland,2067,-12.303775986423416,0.30165846482548464,64,413,228,212,252,154
2020-2,Ukraine,1618,-22.21153846153846,0.23613129951022457,41,251,306,200,110,52
2020-2,Spain,1068,-22.214129643117264,0.15586417050489484,23,327,235,180,104,65
2020-2,Romania,471,-38.91050583657587,0.06873785047547327,1,52,104,52,44,6
2020-2,Norway,441,-23.570190641247834,0.06435964343881893,27,146,72,52,78,52
2020-2,Sweden,650,-29.881337648327943,0.09486115246084423,31,225,107,102,101,52
2020-2,Poland,1206,-4.739336492891,0.17600392287350483,33,202,178,125,80,35
2020-2,Swiss,566,-35.461801596351194,0.08260217275821205,17,207,82,79,78,58
2020-2,Portugal,299,-55.37313432835821,0.04363613013198835,9,77,65,40,32,19
2020-2,Austria,668,-10.45576407506702,0.09748807668283684,11,192,118,93,74,76
2020-2,Finland,780,-16.398713826366563,0.11383338295301308,25,190,72,75,72,36
2020-2,Belgium,547,-16.360856269113157,0.07982930830166429,22,131,86,71,82,39
2020-2,Croatia,286,-36.017897091722595,0.04173890708277146,4,37,58,47,25,16
2020-2,Greece,663,9.225700164744644,0.09675837551006113,2,86,165,109,73,52
2020-2,Bulgaria,218,-33.12883435582822,0.031814971133021605,1,20,40,40,27,12
2020-2,Denmark,640,-7.78097982708934,0.09340175011529278,45,215,71,102,113,56
2020-2,Ireland,465,-24.143556280587276,0.06786220906814242,6,113,126,75,43,29
2020-2,Europe others,2432,-9.050112191473447,0.3549266504381126,106,497,440,279,180,144
2020-2,Austrailia,6857,-17.692954027127595,1.000712188344629,469,2280,1253,997,878,598
2020-2,New Zealand,1912,2.63016639828233,0.2790377284694372,110,453,349,235,273,175
2020-2,Oceania others,123,-71.26168224299066,0.01795064885028283,4,21,28,15,14,14
2020-2,South Africa,1004,-15.701091519731314,0.14652399549336556,13,403,282,85,59,45
2020-2,Africa others,3156,-9.205983889528191,0.46058738025603757,49,595,665,494,342,166
2020-2,Stateless,40,2.564102564102555,0.005837609382205799,0,4,11,3,6,10
2020-2,Overseas Korean,7609,-47.37533716024621,1.110459244730098,151,678,781,1330,2328,2341
2020-3,China,16595,-96.5967561,19.87496557,440,7903,3713,1909,1399,670
2020-3,Japan,8347,-97.77483945,9.996766351,578,3843,1169,1035,949,448
2020-3,Taiwan,585,-99.40615166,0.7006239745,14,232,128,60,31,12
2020-3,Hong Kong,262,-99.43127551,0.3137837288,10,111,65,37,19,3
2020-3,Macao,16,-99.47523778,0.01916236511,2,9,3,1,1,0
2020-3,Phillipines,4539,-88.27162089,5.436123454,58,671,1028,583,280,77
2020-3,Indonesia,3760,-85.32740186,4.503155802,63,1069,770,362,102,21
2020-3,Thailand,2371,-95.53483992,2.83962298,76,714,650,203,51,21
2020-3,Vietnam,4048,-91.38558447,4.848078374,426,2130,703,291,307,78
2020-3,India,1587,-85.09299267,1.90066709,23,297,370,184,57,12
2020-3,Malaysia,890,-97.81803918,1.06590656,17,244,115,36,34,11
2020-3,Singapore,219,-99.00927392,0.2622848725,15,74,47,35,23,9
2020-3,Mongolia,674,-92.27418615,0.8072146305,99,315,154,65,26,12
2020-3,Uzbekistan,782,-90.69601428,0.936560595,43,295,239,123,43,21
2020-3,Myanmar,2519,-64.12191995,3.016874858,4,733,749,248,56,2
2020-3,*GCC,77,-97.45117511,0.09221888212,0,19,22,8,2,1
2020-3,Kazakhstan,567,-88.46388606,0.6790663138,37,186,114,83,30,19
2020-3,Turkey,242,-90.44233807,0.2898307724,7,63,43,21,14,5
2020-3,Cambodia,1183,-52.69892043,1.416817371,6,795,333,28,12,9
2020-3,Sri Lanka,441,-70.48192771,0.5281626885,0,145,224,44,2,3
2020-3,Bangladesh,566,-66.78403756,0.6778686659,11,274,209,26,9,3
2020-3,Pakistan,474,-63.02652106,0.5676850665,24,157,169,59,24,10
2020-3,Israel,68,-95.78425294,0.08144005174,0,58,3,1,2,4
2020-3,Iran,34,-91.09947644,0.04072002587,1,12,12,2,3,1
2020-3,Asia others,1561,-76.7673761,1.869528247,80,817,449,96,32,10
2020-3,USA,10570,-87.45772768,12.65913745,874,1559,1529,1085,1271,1220
2020-3,Canada,2405,-87.11837172,2.880343006,169,438,398,249,325,260
2020-3,Brazil,291,-82.60609683,0.3485155155,11,77,43,17,9,4
2020-3,Mexico,388,-82.37164925,0.464687354,6,76,50,25,20,10
2020-3,America others,456,-85.78553616,0.5461274058,20,130,111,37,16,17
2020-3,Russia,5300,-81.06601886,6.347533444,267,682,869,536,376,192
2020-3,UK,1173,-90.84523531,1.404840892,48,296,170,105,96,135
2020-3,Germany,1195,-89.27481601,1.431189145,72,394,191,93,97,56
2020-3,France,1217,-83.70598474,1.457537397,153,461,199,98,59,42
2020-3,Italy,248,-93.0784259,0.2970166593,15,46,21,24,18,13
2020-3,Netherland,597,-79.39958592,0.7149957484,15,97,40,32,26,18
2020-3,Ukraine,630,-73.39527027,0.7545181264,11,126,100,65,37,14
2020-3,Spain,255,-87.29446936,0.305400194,7,105,42,21,8,9
2020-3,Romania,173,-83.42911877,0.2071930728,2,26,41,18,12,4
2020-3,Norway,97,-88.69463869,0.1161718385,7,39,17,5,10,8
2020-3,Sweden,188,-87.10562414,0.2251577901,10,99,33,10,20,5
2020-3,Poland,322,-83.57142857,0.3856425979,3,60,58,25,21,4
2020-3,Swiss,105,-91.42156863,0.1257530211,6,50,12,4,7,8
2020-3,Portugal,61,-92.59708738,0.073056517,2,12,8,8,3,2
2020-3,Austria,96,-89.46212953,0.1149741907,2,20,14,1,10,4
2020-3,Finland,144,-86.69131238,0.172461286,5,28,16,2,1,2
2020-3,Belgium,164,-88.28571429,0.1964142424,9,42,16,10,13,5
2020-3,Croatia,84,-82.82208589,0.1006024169,0,15,23,13,14,4
2020-3,Greece,199,-75.21793275,0.2383319161,5,28,52,25,19,19
2020-3,Bulgaria,80,-82.41758242,0.09581182557,0,21,9,10,6,2
2020-3,Denmark,114,-88.61138861,0.1365318514,7,73,9,6,6,6
2020-3,Ireland,106,-85.35911602,0.1269506689,2,25,32,7,6,4
2020-3,Europe others,538,-83.6969697,0.644334527,15,149,78,35,45,35
2020-3,Austrailia,760,-93.80249531,0.910212343,49,134,159,126,100,75
2020-3,New Zealand,275,-88.78008976,0.3293531504,13,43,52,31,45,17
2020-3,Oceania others,50,-88.37209302,0.05988239098,3,2,6,5,3,1
2020-3,South Africa,237,-74.92063492,0.2838425333,1,96,59,13,11,8
2020-3,Africa others,946,-75.09215377,1.132974837,24,152,201,106,40,6
2020-3,Stateless,11,-80.70175439,0.01317412602,0,0,1,2,2,3
2020-3,Overseas Korean,1615,-91.59947984,1.934201229,36,162,122,265,477,553
2020-4,China,3935,-99.2022301064369,13.377528471868095,73,1165,978,761,650,232
2020-4,Japan,360,-99.87590143816445,1.2238653748087711,60,87,49,71,30,23
2020-4,Taiwan,155,-99.86291920192444,0.5269420363759986,6,38,33,14,10,4
2020-4,Hong Kong,35,-99.95401030169242,0.11898691143974163,1,19,6,2,3,1
2020-4,Macao,1,-99.97679814385151,0.003399626041135475,0,1,0,0,0,0
2020-4,Phillipines,1130,-98.30139045471627,3.8415774264830866,8,154,188,131,41,6
2020-4,Indonesia,1864,-94.06879434880835,6.336902940676525,12,434,388,173,29,14
2020-4,Thailand,299,-99.57117861342971,1.016488186299507,3,101,95,39,6,3
2020-4,Vietnam,6597,-89.55658630024222,22.42733299337073,909,4769,545,139,122,48
2020-4,India,210,-98.3762468104848,0.7139214686384497,7,10,39,18,9,2
2020-4,Malaysia,152,-99.6523807345744,0.5167431582525922,7,73,16,10,3,0
2020-4,Singapore,48,-99.79405328871155,0.1631820499745028,1,7,10,6,5,5
2020-4,Mongolia,616,-91.87549459245582,2.0941696413394526,87,336,156,30,6,1
2020-4,Uzbekistan,7,-99.90512333965845,0.023797382287948327,2,3,1,0,0,1
2020-4,Myanmar,763,-89.50770077007701,2.5939146693863675,3,225,198,40,4,0
2020-4,*GCC,25,-99.23430321592649,0.08499065102838688,7,0,6,2,1,0
2020-4,Kazakhstan,15,-99.67518406236466,0.05099439061703213,2,7,0,2,0,2
2020-4,Turkey,26,-99.07997169143667,0.08839027706952235,2,1,2,3,0,0
2020-4,Cambodia,547,-89.72769953051643,1.859595444501105,3,344,177,17,5,1
2020-4,Sri Lanka,183,-87.61840324763193,0.6221315655277919,1,56,95,22,3,0
2020-4,Bangladesh,11,-99.16540212443095,0.03739588645249023,0,0,0,1,1,0
2020-4,Pakistan,67,-94.4991789819376,0.22777494475607682,3,14,25,10,1,0
2020-4,Israel,21,-99.05447996398019,0.07139214686384497,3,2,3,0,1,1
2020-4,Iran,13,-95.63758389261746,0.044195138534761175,0,0,11,1,0,0
2020-4,Asia others,36,-99.46761313220941,0.1223865374808771,3,11,6,1,2,0
2020-4,USA,6417,-93.74097772228941,21.815400305966342,486,614,517,393,486,560
2020-4,Canada,422,-98.02443705819016,1.4346421893591705,18,120,67,42,48,51
2020-4,Brazil,52,-97.64918625678119,0.1767805541390447,4,7,9,5,1,0
2020-4,Mexico,55,-98.33232261976956,0.18697943226245112,4,8,9,3,3,2
2020-4,America others,83,-98.12302125734962,0.28216896141424447,1,9,6,1,0,2
2020-4,Russia,1223,-96.42449934220143,4.157742648308687,7,28,43,34,34,14
2020-4,UK,298,-98.21631651403602,1.0130885602583717,26,48,43,30,28,10
2020-4,Germany,1033,-91.97545249747535,3.511813700492946,8,16,15,11,12,4
2020-4,France,280,-97.58953168044077,0.9518952915179331,8,46,44,24,9,2
2020-4,Italy,55,-98.74457886327322,0.18697943226245112,1,5,7,5,2,1
2020-4,Netherland,385,-90.58449498654927,1.3088560258371578,0,3,8,2,6,4
2020-4,Ukraine,116,-95.4933954933955,0.39435662077171507,3,20,20,12,11,1
2020-4,Spain,31,-98.84241971620612,0.10538840727519973,2,4,4,5,2,2
2020-4,Romania,82,-93.80196523053665,0.27876933537310894,0,8,10,7,14,1
2020-4,Norway,35,-97.64942914707858,0.11898691143974163,5,6,10,4,1,1
2020-4,Sweden,35,-98.40036563071298,0.11898691143974163,5,5,5,3,1,3
2020-4,Poland,83,-96.3928726640591,0.28216896141424447,0,7,4,7,1,1
2020-4,Swiss,33,-98.52415026833631,0.11218765935747067,4,10,2,1,5,2
2020-4,Portugal,26,-97.81879194630872,0.08839027706952235,0,3,4,4,2,0
2020-4,Austria,68,-94.03508771929825,0.23117457079721232,0,1,1,0,0,0
2020-4,Finland,35,-97.25490196078431,0.11898691143974163,0,2,3,0,1,0
2020-4,Belgium,57,-96.1744966442953,0.1937786843447221,1,6,3,2,1,1
2020-4,Croatia,22,-96.19377162629758,0.07479177290498046,0,4,6,4,0,0
2020-4,Greece,76,-90.47619047619048,0.2583715791262961,0,8,17,11,3,6
2020-4,Bulgaria,43,-94.20485175202157,0.14618391976882544,0,4,4,9,5,2
2020-4,Denmark,27,-98.05335255948089,0.09178990311065782,0,3,5,2,2,0
2020-4,Ireland,22,-97.76876267748479,0.07479177290498046,1,6,2,2,0,0
2020-4,Europe others,70,-98.38449111470113,0.23797382287948327,0,13,3,2,3,0
2020-4,Austrailia,124,-99.37807202327214,0.4215536291007989,8,19,14,20,18,6
2020-4,New Zealand,98,-97.42240925828511,0.33316335203127656,2,15,9,12,13,13
2020-4,Oceania others,13,-97.23991507430998,0.044195138534761175,0,0,0,0,0,0
2020-4,South Africa,22,-98.10181190681621,0.07479177290498046,0,1,4,0,0,0
2020-4,Africa others,177,-95.41213063763608,0.6017338092809791,3,9,16,6,2,0
2020-4,Stateless,3,-95.3125,0.010198878123406425,0,0,0,0,0,0
2020-4,Overseas Korean,698,-96.5401011202538,2.3729389767125615,13,73,72,102,176,262
